-- phpMyAdmin SQL Dump
-- version 4.8.4
-- https://www.phpmyadmin.net/
--
-- Hôte : 127.0.0.1
-- Généré le :  Dim 07 juil. 2019 à 20:45
-- Version du serveur :  10.1.37-MariaDB
-- Version de PHP :  7.3.1

SET SQL_MODE = "NO_AUTO_VALUE_ON_ZERO";
SET AUTOCOMMIT = 0;
START TRANSACTION;
SET time_zone = "+00:00";


/*!40101 SET @OLD_CHARACTER_SET_CLIENT=@@CHARACTER_SET_CLIENT */;
/*!40101 SET @OLD_CHARACTER_SET_RESULTS=@@CHARACTER_SET_RESULTS */;
/*!40101 SET @OLD_COLLATION_CONNECTION=@@COLLATION_CONNECTION */;
/*!40101 SET NAMES utf8mb4 */;

--
-- Base de données :  `menage`
--

-- --------------------------------------------------------

--
-- Structure de la table `chambresaffectees`
--

CREATE TABLE `chambresaffectees` (
  `id` int(11) NOT NULL,
  `id_FM` int(11) NOT NULL,
  `room_num` int(11) NOT NULL,
  `etat` varchar(250) NOT NULL,
  `etage` int(11) NOT NULL,
  `secteur` int(11) NOT NULL,
  `date_created` date NOT NULL
) ENGINE=InnoDB DEFAULT CHARSET=latin1;

--
-- Déchargement des données de la table `chambresaffectees`
--

INSERT INTO `chambresaffectees` (`id`, `id_FM`, `room_num`, `etat`, `etage`, `secteur`, `date_created`) VALUES
(6634, 1, 200, 'LIB-Prp', 2, 1, '2019-04-30'),
(6635, 1, 201, 'HS-Sal', 2, 1, '2019-04-30'),
(6636, 1, 202, 'LIB-Sal-Priority', 2, 1, '2019-04-30'),
(6637, 1, 203, 'LIB-Prp', 2, 1, '2019-04-30'),
(6638, 1, 204, 'LIB-Prp', 2, 1, '2019-04-30'),
(6639, 1, 205, 'LIB-Prp', 2, 1, '2019-04-30'),
(6640, 1, 206, 'OCC-Sal', 2, 1, '2019-04-30'),
(6641, 1, 207, 'OCC-Sal', 2, 1, '2019-04-30'),
(6642, 1, 208, 'LIB-Prp', 2, 1, '2019-04-30'),
(6643, 1, 209, 'OCC-Sal', 2, 1, '2019-04-30'),
(6644, 1, 210, 'OCC-Sal', 2, 1, '2019-04-30'),
(6645, 1, 211, 'OCC-Sal', 2, 1, '2019-04-30'),
(6646, 1, 212, 'LIB-Prp', 2, 1, '2019-04-30'),
(6647, 1, 213, 'OCC-Sal', 2, 1, '2019-04-30'),
(6648, 1, 214, 'LIB-Sal', 2, 1, '2019-04-30'),
(6649, 1, 215, 'LIB-Sal', 2, 1, '2019-04-30'),
(6650, 1, 216, 'OCC-Sal', 2, 1, '2019-04-30'),
(6651, 1, 217, 'LIB-Prp', 2, 1, '2019-04-30'),
(6652, 1, 218, 'LIB-Prp', 2, 1, '2019-04-30'),
(6653, 3, 301, 'LIB-Sal', 3, 2, '2019-04-30'),
(6654, 3, 302, 'LIB-Sal', 3, 2, '2019-04-30'),
(6655, 3, 303, 'OCC-Sal', 3, 2, '2019-04-30'),
(6656, 3, 304, 'LIB-Prp', 3, 2, '2019-04-30'),
(6657, 3, 305, 'LIB-Prp', 3, 2, '2019-04-30'),
(6658, 3, 306, 'OCC-Sal', 3, 2, '2019-04-30'),
(6659, 3, 307, 'HS-Sal', 3, 2, '2019-04-30'),
(6660, 3, 308, 'OCC-Sal', 3, 2, '2019-04-30'),
(6661, 3, 309, 'LIB-Prp', 3, 2, '2019-04-30'),
(6662, 3, 310, 'LIB-Prp', 3, 2, '2019-04-30'),
(6663, 3, 311, 'LIB-Prp', 3, 2, '2019-04-30'),
(6664, 3, 312, 'LIB-Sal', 3, 2, '2019-04-30'),
(6665, 3, 313, 'OCC-Sal', 3, 2, '2019-04-30'),
(6666, 3, 314, 'OCC-Sal', 3, 2, '2019-04-30'),
(6667, 3, 315, 'HS-Sal', 3, 2, '2019-04-30'),
(6668, 3, 316, 'OCC-Sal', 3, 2, '2019-04-30'),
(6669, 3, 317, 'OCC-Sal', 3, 3, '2019-04-30'),
(6670, 3, 318, 'HS-Sal', 3, 3, '2019-04-30'),
(6671, 3, 319, 'OCC-Sal', 3, 3, '2019-04-30'),
(6672, 3, 320, 'OCC-Sal', 3, 3, '2019-04-30'),
(6673, 3, 321, 'LIB-Sal', 3, 3, '2019-04-30'),
(6674, 3, 322, 'LIB-Sal', 3, 3, '2019-04-30'),
(6675, 3, 323, 'LIB-Prp', 3, 3, '2019-04-30'),
(6676, 3, 324, 'LIB-Prp', 3, 3, '2019-04-30'),
(6677, 3, 325, 'LIB-Sal', 3, 3, '2019-04-30'),
(6678, 3, 326, 'LIB-Prp', 3, 3, '2019-04-30'),
(6679, 3, 327, 'LIB-Prp', 3, 3, '2019-04-30'),
(6680, 3, 328, 'LIB-Prp', 3, 3, '2019-04-30'),
(6681, 3, 329, 'LIB-Prp', 3, 3, '2019-04-30'),
(6682, 3, 330, 'OCC-Prp', 3, 3, '2019-04-30'),
(6683, 3, 331, 'LIB-Prp', 3, 3, '2019-04-30'),
(6684, 3, 332, 'LIB-Sal', 3, 3, '2019-04-30'),
(6685, 5, 401, 'OCC-Sal', 4, 4, '2019-04-30'),
(6686, 5, 402, 'LIB-Sal', 4, 4, '2019-04-30'),
(6687, 5, 403, 'LIB-Sal', 4, 4, '2019-04-30'),
(6688, 5, 404, 'OCC-Sal', 4, 4, '2019-04-30'),
(6689, 5, 405, 'LIB-Prp', 4, 4, '2019-04-30'),
(6690, 5, 406, 'OCC-Sal', 4, 4, '2019-04-30'),
(6691, 5, 407, 'LIB-Sal', 4, 4, '2019-04-30'),
(6692, 5, 408, 'LIB-Sal', 4, 4, '2019-04-30'),
(6693, 5, 409, 'LIB-Prp', 4, 4, '2019-04-30'),
(6694, 5, 410, 'LIB-Prp', 4, 4, '2019-04-30'),
(6695, 5, 411, 'LIB-Prp', 4, 4, '2019-04-30'),
(6696, 5, 412, 'LIB-Prp', 4, 4, '2019-04-30'),
(6697, 5, 413, 'HS-Sal', 4, 4, '2019-04-30'),
(6698, 5, 414, 'LIB-Prp', 4, 4, '2019-04-30'),
(6699, 5, 415, 'LIB-Prp', 4, 4, '2019-04-30'),
(6700, 5, 416, 'OCC-Sal', 4, 4, '2019-04-30'),
(6701, 5, 417, 'LIB-Prp', 4, 5, '2019-04-30'),
(6702, 5, 418, 'OCC-Sal', 4, 5, '2019-04-30'),
(6703, 5, 419, 'OCC-Sal', 4, 5, '2019-04-30'),
(6704, 5, 420, 'OCC-Sal', 4, 5, '2019-04-30'),
(6705, 5, 421, 'OCC-Sal', 4, 5, '2019-04-30'),
(6706, 5, 422, 'OCC-Sal', 4, 5, '2019-04-30'),
(6707, 5, 423, 'LIB-Prp', 4, 5, '2019-04-30'),
(6708, 5, 424, 'LIB-Prp', 4, 5, '2019-04-30'),
(6709, 5, 425, 'LIB-Prp', 4, 5, '2019-04-30'),
(6710, 5, 426, 'LIB-Prp', 4, 5, '2019-04-30'),
(6711, 5, 427, 'LIB-Prp', 4, 5, '2019-04-30'),
(6712, 5, 428, 'LIB-Prp', 4, 5, '2019-04-30'),
(6713, 5, 429, 'LIB-Prp', 4, 5, '2019-04-30'),
(6714, 5, 430, 'LIB-Prp', 4, 5, '2019-04-30'),
(6715, 5, 431, 'LIB-Prp', 4, 5, '2019-04-30'),
(6716, 5, 432, 'LIB-Prp', 4, 5, '2019-04-30'),
(9512, 1, 200, 'LIB-Prp', 2, 1, '2019-05-01'),
(9513, 1, 201, 'HS-Sal', 2, 1, '2019-05-01'),
(9514, 1, 202, 'LIB-Prp', 2, 1, '2019-05-01'),
(9515, 1, 203, 'LIB-Prp', 2, 1, '2019-05-01'),
(9516, 1, 204, 'LIB-Prp', 2, 1, '2019-05-01'),
(9517, 1, 205, 'LIB-Prp', 2, 1, '2019-05-01'),
(9518, 1, 206, 'OCC-Sal', 2, 1, '2019-05-01'),
(9519, 1, 207, 'OCC-Sal', 2, 1, '2019-05-01'),
(9520, 1, 208, 'LIB-Prp', 2, 1, '2019-05-01'),
(9521, 1, 209, 'OCC-Sal', 2, 1, '2019-05-01'),
(9522, 1, 210, 'OCC-Sal', 2, 1, '2019-05-01'),
(9523, 1, 211, 'OCC-Sal', 2, 1, '2019-05-01'),
(9524, 1, 212, 'LIB-Prp', 2, 1, '2019-05-01'),
(9525, 1, 213, 'OCC-Sal', 2, 1, '2019-05-01'),
(9526, 1, 214, 'LIB-Sal', 2, 1, '2019-05-01'),
(9527, 1, 215, 'LIB-Sal', 2, 1, '2019-05-01'),
(9528, 1, 216, 'OCC-Sal', 2, 1, '2019-05-01'),
(9529, 1, 217, 'LIB-Prp', 2, 1, '2019-05-01'),
(9530, 1, 218, 'LIB-Prp', 2, 1, '2019-05-01'),
(9531, 3, 301, 'LIB-Sal', 3, 2, '2019-05-01'),
(9532, 3, 302, 'LIB-Sal', 3, 2, '2019-05-01'),
(9533, 3, 303, 'OCC-Sal', 3, 2, '2019-05-01'),
(9534, 3, 304, 'LIB-Prp', 3, 2, '2019-05-01'),
(9535, 3, 305, 'LIB-Prp', 3, 2, '2019-05-01'),
(9536, 3, 306, 'OCC-Sal', 3, 2, '2019-05-01'),
(9537, 3, 307, 'HS-Sal', 3, 2, '2019-05-01'),
(9538, 3, 308, 'OCC-Sal', 3, 2, '2019-05-01'),
(9539, 3, 309, 'LIB-Prp', 3, 2, '2019-05-01'),
(9540, 3, 310, 'LIB-Prp', 3, 2, '2019-05-01'),
(9541, 3, 311, 'LIB-Prp', 3, 2, '2019-05-01'),
(9542, 3, 312, 'LIB-Sal', 3, 2, '2019-05-01'),
(9543, 3, 313, 'OCC-Sal', 3, 2, '2019-05-01'),
(9544, 3, 314, 'OCC-Sal', 3, 2, '2019-05-01'),
(9545, 3, 315, 'HS-Sal', 3, 2, '2019-05-01'),
(9546, 3, 316, 'OCC-Sal', 3, 2, '2019-05-01'),
(9547, 3, 317, 'OCC-Sal', 3, 3, '2019-05-01'),
(9548, 3, 318, 'HS-Sal', 3, 3, '2019-05-01'),
(9549, 3, 319, 'OCC-Sal', 3, 3, '2019-05-01'),
(9550, 3, 320, 'OCC-Sal', 3, 3, '2019-05-01'),
(9551, 3, 321, 'LIB-Sal', 3, 3, '2019-05-01'),
(9552, 3, 322, 'LIB-Sal', 3, 3, '2019-05-01'),
(9553, 3, 323, 'LIB-Prp', 3, 3, '2019-05-01'),
(9554, 3, 324, 'LIB-Prp', 3, 3, '2019-05-01'),
(9555, 3, 325, 'LIB-Sal', 3, 3, '2019-05-01'),
(9556, 3, 326, 'LIB-Prp', 3, 3, '2019-05-01'),
(9557, 3, 327, 'LIB-Prp', 3, 3, '2019-05-01'),
(9558, 5, 401, 'OCC-Sal', 4, 4, '2019-05-01'),
(9559, 3, 328, 'LIB-Prp', 3, 3, '2019-05-01'),
(9560, 3, 329, 'LIB-Prp', 3, 3, '2019-05-01'),
(9561, 3, 330, 'OCC-Prp', 3, 3, '2019-05-01'),
(9562, 5, 402, 'LIB-Sal', 4, 4, '2019-05-01'),
(9563, 3, 331, 'LIB-Prp', 3, 3, '2019-05-01'),
(9564, 5, 403, 'LIB-Sal', 4, 4, '2019-05-01'),
(9565, 3, 332, 'LIB-Sal', 3, 3, '2019-05-01'),
(9566, 5, 404, 'OCC-Sal', 4, 4, '2019-05-01'),
(9567, 5, 405, 'LIB-Prp', 4, 4, '2019-05-01'),
(9568, 5, 406, 'OCC-Sal', 4, 4, '2019-05-01'),
(9569, 5, 407, 'LIB-Sal', 4, 4, '2019-05-01'),
(9570, 5, 408, 'LIB-Sal', 4, 4, '2019-05-01'),
(9571, 5, 409, 'LIB-Prp', 4, 4, '2019-05-01'),
(9572, 5, 410, 'LIB-Prp', 4, 4, '2019-05-01'),
(9573, 5, 411, 'LIB-Prp', 4, 4, '2019-05-01'),
(9574, 5, 412, 'LIB-Prp', 4, 4, '2019-05-01'),
(9575, 5, 413, 'HS-Sal', 4, 4, '2019-05-01'),
(9576, 5, 414, 'LIB-Prp', 4, 4, '2019-05-01'),
(9577, 5, 415, 'LIB-Prp', 4, 4, '2019-05-01'),
(9578, 5, 416, 'OCC-Sal', 4, 4, '2019-05-01'),
(9579, 5, 417, 'LIB-Prp', 4, 5, '2019-05-01'),
(9580, 5, 418, 'OCC-Sal', 4, 5, '2019-05-01'),
(9581, 5, 419, 'OCC-Sal', 4, 5, '2019-05-01'),
(9582, 5, 420, 'OCC-Sal', 4, 5, '2019-05-01'),
(9583, 5, 421, 'OCC-Sal', 4, 5, '2019-05-01'),
(9584, 5, 422, 'OCC-Sal', 4, 5, '2019-05-01'),
(9585, 5, 423, 'LIB-Prp', 4, 5, '2019-05-01'),
(9586, 5, 424, 'LIB-Prp', 4, 5, '2019-05-01'),
(9587, 5, 425, 'LIB-Prp', 4, 5, '2019-05-01'),
(9588, 5, 426, 'LIB-Prp', 4, 5, '2019-05-01'),
(9589, 5, 427, 'LIB-Prp', 4, 5, '2019-05-01'),
(9590, 5, 428, 'LIB-Prp', 4, 5, '2019-05-01'),
(9591, 5, 429, 'LIB-Prp', 4, 5, '2019-05-01'),
(9592, 5, 430, 'LIB-Prp', 4, 5, '2019-05-01'),
(9593, 5, 431, 'LIB-Prp', 4, 5, '2019-05-01'),
(9594, 5, 432, 'LIB-Prp', 4, 5, '2019-05-01'),
(10208, 6, 401, 'OCC-Sal', 4, 4, '2019-05-03'),
(10209, 6, 402, 'LIB-Sal', 4, 4, '2019-05-03'),
(10210, 6, 403, 'LIB-Sal', 4, 4, '2019-05-03'),
(10211, 6, 404, 'OCC-Sal', 4, 4, '2019-05-03'),
(10212, 6, 405, 'LIB-Prp', 4, 4, '2019-05-03'),
(10213, 6, 406, 'OCC-Sal', 4, 4, '2019-05-03'),
(10214, 6, 407, 'LIB-Sal', 4, 4, '2019-05-03'),
(10215, 6, 408, 'LIB-Sal', 4, 4, '2019-05-03'),
(10216, 6, 409, 'LIB-Prp', 4, 4, '2019-05-03'),
(10217, 6, 410, 'LIB-Prp', 4, 4, '2019-05-03'),
(10218, 6, 411, 'LIB-Prp', 4, 4, '2019-05-03'),
(10219, 6, 412, 'LIB-Prp', 4, 4, '2019-05-03'),
(10220, 6, 413, 'HS-Sal', 4, 4, '2019-05-03'),
(10221, 6, 414, 'LIB-Prp', 4, 4, '2019-05-03'),
(10222, 6, 415, 'LIB-Prp', 4, 4, '2019-05-03'),
(10223, 6, 416, 'OCC-Sal', 4, 4, '2019-05-03'),
(10224, 6, 417, 'LIB-Prp', 4, 5, '2019-05-03'),
(10225, 6, 418, 'OCC-Sal', 4, 5, '2019-05-03'),
(10226, 6, 419, 'OCC-Sal', 4, 5, '2019-05-03'),
(10227, 6, 420, 'OCC-Sal', 4, 5, '2019-05-03'),
(10228, 6, 421, 'OCC-Sal', 4, 5, '2019-05-03'),
(10229, 6, 422, 'OCC-Sal', 4, 5, '2019-05-03'),
(10230, 6, 423, 'LIB-Prp', 4, 5, '2019-05-03'),
(10231, 6, 424, 'LIB-Prp', 4, 5, '2019-05-03'),
(10232, 6, 425, 'LIB-Prp', 4, 5, '2019-05-03'),
(10233, 6, 426, 'LIB-Prp', 4, 5, '2019-05-03'),
(10234, 6, 427, 'LIB-Prp', 4, 5, '2019-05-03'),
(10235, 6, 428, 'LIB-Prp', 4, 5, '2019-05-03'),
(10236, 6, 429, 'LIB-Prp', 4, 5, '2019-05-03'),
(10237, 6, 430, 'LIB-Prp', 4, 5, '2019-05-03'),
(10238, 6, 431, 'LIB-Prp', 4, 5, '2019-05-03'),
(10239, 6, 432, 'LIB-Prp', 4, 5, '2019-05-03'),
(10240, 1, 301, 'LIB-Sal', 3, 2, '2019-05-03'),
(10241, 1, 302, 'LIB-Sal', 3, 2, '2019-05-03'),
(10242, 3, 303, 'OCC-Sal', 3, 2, '2019-05-03'),
(10243, 3, 304, 'LIB-Prp', 3, 2, '2019-05-03'),
(10244, 3, 305, 'LIB-Prp', 3, 2, '2019-05-03'),
(10245, 3, 306, 'OCC-Sal', 3, 2, '2019-05-03'),
(10246, 3, 307, 'HS-Sal', 3, 2, '2019-05-03'),
(10247, 3, 308, 'OCC-Sal', 3, 2, '2019-05-03'),
(10248, 3, 309, 'LIB-Prp', 3, 2, '2019-05-03'),
(10249, 3, 310, 'LIB-Prp', 3, 2, '2019-05-03'),
(10250, 3, 311, 'LIB-Prp', 3, 2, '2019-05-03'),
(10251, 3, 312, 'LIB-Sal', 3, 2, '2019-05-03'),
(10252, 3, 313, 'OCC-Sal', 3, 2, '2019-05-03'),
(10253, 3, 314, 'OCC-Sal', 3, 2, '2019-05-03'),
(10254, 3, 315, 'HS-Sal', 3, 2, '2019-05-03'),
(10255, 3, 316, 'OCC-Sal', 3, 2, '2019-05-03'),
(10256, 3, 317, 'OCC-Sal', 3, 3, '2019-05-03'),
(10257, 3, 318, 'HS-Sal', 3, 3, '2019-05-03'),
(10258, 3, 319, 'OCC-Sal', 3, 3, '2019-05-03'),
(10259, 3, 320, 'OCC-Sal', 3, 3, '2019-05-03'),
(10260, 3, 321, 'LIB-Sal', 3, 3, '2019-05-03'),
(10261, 3, 322, 'LIB-Sal', 3, 3, '2019-05-03'),
(10262, 3, 323, 'LIB-Prp', 3, 3, '2019-05-03'),
(10263, 3, 324, 'LIB-Prp', 3, 3, '2019-05-03'),
(10264, 3, 325, 'LIB-Sal', 3, 3, '2019-05-03'),
(10265, 3, 326, 'LIB-Prp', 3, 3, '2019-05-03'),
(10266, 3, 327, 'LIB-Prp', 3, 3, '2019-05-03'),
(10267, 3, 328, 'LIB-Prp', 3, 3, '2019-05-03'),
(10268, 3, 329, 'LIB-Prp', 3, 3, '2019-05-03'),
(10269, 3, 330, 'OCC-Prp', 3, 3, '2019-05-03'),
(10270, 3, 331, 'LIB-Prp', 3, 3, '2019-05-03'),
(10271, 3, 332, 'LIB-Sal', 3, 3, '2019-05-03'),
(10272, 1, 200, 'LIB-Prp', 2, 1, '2019-05-03'),
(10273, 1, 201, 'HS-Sal', 2, 1, '2019-05-03'),
(10274, 1, 202, 'LIB-Prp', 2, 1, '2019-05-03'),
(10275, 1, 203, 'LIB-Prp', 2, 1, '2019-05-03'),
(10276, 1, 204, 'LIB-Prp', 2, 1, '2019-05-03'),
(10277, 1, 205, 'LIB-Prp', 2, 1, '2019-05-03'),
(10278, 1, 206, 'OCC-Sal', 2, 1, '2019-05-03'),
(10279, 1, 207, 'OCC-Sal', 2, 1, '2019-05-03'),
(10280, 1, 208, 'LIB-Prp', 2, 1, '2019-05-03'),
(10281, 1, 209, 'OCC-Sal', 2, 1, '2019-05-03'),
(10282, 1, 210, 'OCC-Sal', 2, 1, '2019-05-03'),
(10283, 1, 211, 'OCC-Sal', 2, 1, '2019-05-03'),
(10284, 1, 212, 'LIB-Prp', 2, 1, '2019-05-03'),
(10285, 1, 213, 'OCC-Sal', 2, 1, '2019-05-03'),
(10286, 1, 214, 'LIB-Sal', 2, 1, '2019-05-03'),
(10287, 1, 215, 'LIB-Sal', 2, 1, '2019-05-03'),
(10288, 1, 216, 'OCC-Sal', 2, 1, '2019-05-03'),
(10289, 1, 217, 'LIB-Prp', 2, 1, '2019-05-03'),
(10290, 1, 218, 'LIB-Prp', 2, 1, '2019-05-03'),
(10291, 1, 200, 'LIB-Prp', 2, 1, '2019-05-06'),
(10292, 1, 201, 'HS-Sal', 2, 1, '2019-05-06'),
(10293, 1, 202, 'LIB-Prp', 2, 1, '2019-05-06'),
(10294, 1, 203, 'LIB-Prp', 2, 1, '2019-05-06'),
(10295, 1, 204, 'LIB-Prp', 2, 1, '2019-05-06'),
(10296, 1, 205, 'LIB-Prp', 2, 1, '2019-05-06'),
(10297, 1, 206, 'OCC-Sal', 2, 1, '2019-05-06'),
(10298, 1, 207, 'OCC-Sal', 2, 1, '2019-05-06'),
(10299, 1, 208, 'LIB-Prp', 2, 1, '2019-05-06'),
(10300, 1, 209, 'OCC-Sal', 2, 1, '2019-05-06'),
(10301, 1, 210, 'OCC-Sal', 2, 1, '2019-05-06'),
(10302, 1, 211, 'OCC-Sal', 2, 1, '2019-05-06'),
(10303, 1, 212, 'LIB-Prp', 2, 1, '2019-05-06'),
(10304, 1, 213, 'OCC-Sal', 2, 1, '2019-05-06'),
(10305, 1, 214, 'LIB-Sal', 2, 1, '2019-05-06'),
(10306, 1, 215, 'LIB-Sal', 2, 1, '2019-05-06'),
(10307, 1, 216, 'OCC-Sal', 2, 1, '2019-05-06'),
(10308, 1, 217, 'LIB-Prp', 2, 1, '2019-05-06'),
(10309, 1, 218, 'LIB-Prp', 2, 1, '2019-05-06'),
(10310, 3, 301, 'LIB-Sal', 3, 2, '2019-05-06'),
(10311, 3, 302, 'LIB-Sal', 3, 2, '2019-05-06'),
(10312, 3, 303, 'OCC-Sal', 3, 2, '2019-05-06'),
(10313, 3, 304, 'LIB-Prp', 3, 2, '2019-05-06'),
(10314, 3, 305, 'LIB-Prp', 3, 2, '2019-05-06'),
(10315, 3, 306, 'OCC-Sal', 3, 2, '2019-05-06'),
(10316, 3, 307, 'HS-Sal', 3, 2, '2019-05-06'),
(10317, 3, 308, 'OCC-Sal', 3, 2, '2019-05-06'),
(10318, 3, 309, 'LIB-Prp', 3, 2, '2019-05-06'),
(10319, 3, 310, 'LIB-Prp', 3, 2, '2019-05-06'),
(10320, 3, 311, 'LIB-Prp', 3, 2, '2019-05-06'),
(10321, 3, 312, 'LIB-Sal', 3, 2, '2019-05-06'),
(10322, 3, 313, 'OCC-Sal', 3, 2, '2019-05-06'),
(10323, 3, 314, 'OCC-Sal', 3, 2, '2019-05-06'),
(10324, 3, 315, 'HS-Sal', 3, 2, '2019-05-06'),
(10325, 3, 316, 'OCC-Sal', 3, 2, '2019-05-06'),
(10326, 3, 317, 'OCC-Sal', 3, 3, '2019-05-06'),
(10327, 3, 318, 'HS-Sal', 3, 3, '2019-05-06'),
(10328, 3, 319, 'OCC-Sal', 3, 3, '2019-05-06'),
(10329, 3, 320, 'OCC-Sal', 3, 3, '2019-05-06'),
(10330, 3, 321, 'LIB-Sal', 3, 3, '2019-05-06'),
(10331, 3, 322, 'LIB-Sal', 3, 3, '2019-05-06'),
(10332, 3, 323, 'LIB-Prp', 3, 3, '2019-05-06'),
(10333, 3, 324, 'LIB-Prp', 3, 3, '2019-05-06'),
(10334, 3, 325, 'LIB-Sal', 3, 3, '2019-05-06'),
(10335, 3, 326, 'LIB-Prp', 3, 3, '2019-05-06'),
(10336, 3, 327, 'LIB-Prp', 3, 3, '2019-05-06'),
(10337, 3, 328, 'LIB-Prp', 3, 3, '2019-05-06'),
(10338, 3, 329, 'LIB-Prp', 3, 3, '2019-05-06'),
(10339, 3, 330, 'OCC-Prp', 3, 3, '2019-05-06'),
(10340, 3, 331, 'LIB-Prp', 3, 3, '2019-05-06'),
(10341, 3, 332, 'LIB-Sal', 3, 3, '2019-05-06'),
(10342, 5, 401, 'OCC-Sal', 4, 4, '2019-05-06'),
(10343, 5, 402, 'LIB-Sal', 4, 4, '2019-05-06'),
(10344, 5, 403, 'LIB-Sal', 4, 4, '2019-05-06'),
(10345, 5, 404, 'OCC-Sal', 4, 4, '2019-05-06'),
(10346, 5, 405, 'LIB-Prp', 4, 4, '2019-05-06'),
(10347, 5, 406, 'OCC-Sal', 4, 4, '2019-05-06'),
(10348, 5, 407, 'LIB-Sal', 4, 4, '2019-05-06'),
(10349, 5, 408, 'LIB-Sal', 4, 4, '2019-05-06'),
(10350, 5, 409, 'LIB-Prp', 4, 4, '2019-05-06'),
(10351, 5, 410, 'LIB-Prp', 4, 4, '2019-05-06'),
(10352, 5, 411, 'LIB-Prp', 4, 4, '2019-05-06'),
(10353, 5, 412, 'LIB-Prp', 4, 4, '2019-05-06'),
(10354, 5, 413, 'HS-Sal', 4, 4, '2019-05-06'),
(10355, 5, 414, 'LIB-Prp', 4, 4, '2019-05-06'),
(10356, 5, 415, 'LIB-Prp', 4, 4, '2019-05-06'),
(10357, 5, 416, 'OCC-Sal', 4, 4, '2019-05-06'),
(10358, 5, 417, 'LIB-Prp', 4, 5, '2019-05-06'),
(10359, 5, 418, 'OCC-Sal', 4, 5, '2019-05-06'),
(10360, 5, 419, 'OCC-Sal', 4, 5, '2019-05-06'),
(10361, 5, 420, 'OCC-Sal', 4, 5, '2019-05-06'),
(10362, 5, 421, 'OCC-Sal', 4, 5, '2019-05-06'),
(10363, 5, 422, 'OCC-Sal', 4, 5, '2019-05-06'),
(10364, 5, 423, 'LIB-Prp', 4, 5, '2019-05-06'),
(10365, 5, 424, 'LIB-Prp', 4, 5, '2019-05-06'),
(10366, 5, 425, 'LIB-Prp', 4, 5, '2019-05-06'),
(10367, 5, 426, 'LIB-Prp', 4, 5, '2019-05-06'),
(10368, 5, 427, 'LIB-Prp', 4, 5, '2019-05-06'),
(10369, 5, 428, 'LIB-Prp', 4, 5, '2019-05-06'),
(10370, 5, 429, 'LIB-Prp', 4, 5, '2019-05-06'),
(10371, 5, 430, 'LIB-Prp', 4, 5, '2019-05-06'),
(10372, 5, 431, 'LIB-Prp', 4, 5, '2019-05-06'),
(10373, 5, 432, 'LIB-Prp', 4, 5, '2019-05-06'),
(10642, 1, 200, 'LIB-Prp', 2, 1, '2019-05-10'),
(10643, 1, 201, 'HS-Sal', 2, 1, '2019-05-10'),
(10644, 1, 202, 'LIB-Prp', 2, 1, '2019-05-10'),
(10645, 1, 203, 'LIB-Prp', 2, 1, '2019-05-10'),
(10646, 1, 204, 'LIB-Prp', 2, 1, '2019-05-10'),
(10647, 1, 205, 'LIB-Prp', 2, 1, '2019-05-10'),
(10648, 1, 206, 'OCC-Sal', 2, 1, '2019-05-10'),
(10649, 1, 207, 'OCC-Sal', 2, 1, '2019-05-10'),
(10650, 1, 208, 'LIB-Prp', 2, 1, '2019-05-10'),
(10651, 1, 209, 'OCC-Sal', 2, 1, '2019-05-10'),
(10652, 1, 210, 'OCC-Sal', 2, 1, '2019-05-10'),
(10653, 1, 211, 'OCC-Sal', 2, 1, '2019-05-10'),
(10654, 1, 212, 'LIB-Prp', 2, 1, '2019-05-10'),
(10655, 1, 213, 'OCC-Sal', 2, 1, '2019-05-10'),
(10656, 1, 214, 'LIB-Sal', 2, 1, '2019-05-10'),
(10657, 1, 215, 'LIB-Sal', 2, 1, '2019-05-10'),
(10658, 1, 216, 'OCC-Sal', 2, 1, '2019-05-10'),
(10659, 1, 217, 'LIB-Prp', 2, 1, '2019-05-10'),
(10660, 1, 218, 'LIB-Prp', 2, 1, '2019-05-10'),
(10661, 3, 301, 'LIB-Sal', 3, 2, '2019-05-10'),
(10662, 3, 302, 'LIB-Sal', 3, 2, '2019-05-10'),
(10663, 3, 303, 'OCC-Sal', 3, 2, '2019-05-10'),
(10664, 3, 304, 'LIB-Prp', 3, 2, '2019-05-10'),
(10665, 3, 305, 'LIB-Prp', 3, 2, '2019-05-10'),
(10666, 3, 306, 'OCC-Sal', 3, 2, '2019-05-10'),
(10667, 3, 307, 'HS-Sal', 3, 2, '2019-05-10'),
(10668, 3, 308, 'OCC-Sal', 3, 2, '2019-05-10'),
(10669, 3, 309, 'LIB-Prp', 3, 2, '2019-05-10'),
(10670, 3, 310, 'LIB-Prp', 3, 2, '2019-05-10'),
(10671, 3, 311, 'LIB-Prp', 3, 2, '2019-05-10'),
(10672, 3, 312, 'LIB-Sal', 3, 2, '2019-05-10'),
(10673, 3, 313, 'OCC-Sal', 3, 2, '2019-05-10'),
(10674, 3, 314, 'OCC-Sal', 3, 2, '2019-05-10'),
(10675, 3, 315, 'HS-Sal', 3, 2, '2019-05-10'),
(10676, 3, 316, 'OCC-Sal', 3, 2, '2019-05-10'),
(10677, 3, 317, 'OCC-Sal', 3, 3, '2019-05-10'),
(10678, 3, 318, 'HS-Sal', 3, 3, '2019-05-10'),
(10679, 3, 319, 'OCC-Sal', 3, 3, '2019-05-10'),
(10680, 3, 320, 'OCC-Sal', 3, 3, '2019-05-10'),
(10681, 3, 321, 'LIB-Sal', 3, 3, '2019-05-10'),
(10682, 3, 322, 'LIB-Sal', 3, 3, '2019-05-10'),
(10683, 3, 323, 'LIB-Prp', 3, 3, '2019-05-10'),
(10684, 3, 324, 'LIB-Prp', 3, 3, '2019-05-10'),
(10685, 3, 325, 'LIB-Sal', 3, 3, '2019-05-10'),
(10686, 3, 326, 'LIB-Prp', 3, 3, '2019-05-10'),
(10687, 3, 327, 'LIB-Prp', 3, 3, '2019-05-10'),
(10688, 3, 328, 'LIB-Prp', 3, 3, '2019-05-10'),
(10689, 3, 329, 'LIB-Prp', 3, 3, '2019-05-10'),
(10690, 3, 330, 'OCC-Prp', 3, 3, '2019-05-10'),
(10691, 3, 331, 'LIB-Prp', 3, 3, '2019-05-10'),
(10692, 3, 332, 'LIB-Sal', 3, 3, '2019-05-10'),
(10693, 5, 401, 'OCC-Sal', 4, 4, '2019-05-10'),
(10694, 5, 402, 'LIB-Sal', 4, 4, '2019-05-10'),
(10695, 5, 403, 'LIB-Sal', 4, 4, '2019-05-10'),
(10696, 5, 404, 'OCC-Sal', 4, 4, '2019-05-10'),
(10697, 5, 405, 'LIB-Prp', 4, 4, '2019-05-10'),
(10698, 5, 406, 'OCC-Sal', 4, 4, '2019-05-10'),
(10699, 5, 407, 'LIB-Sal', 4, 4, '2019-05-10'),
(10700, 5, 408, 'LIB-Sal', 4, 4, '2019-05-10'),
(10701, 5, 409, 'LIB-Prp', 4, 4, '2019-05-10'),
(10702, 5, 410, 'LIB-Prp', 4, 4, '2019-05-10'),
(10703, 5, 411, 'LIB-Prp', 4, 4, '2019-05-10'),
(10704, 5, 412, 'LIB-Prp', 4, 4, '2019-05-10'),
(10705, 5, 413, 'HS-Sal', 4, 4, '2019-05-10'),
(10706, 5, 414, 'LIB-Prp', 4, 4, '2019-05-10'),
(10707, 5, 415, 'LIB-Prp', 4, 4, '2019-05-10'),
(10708, 5, 416, 'OCC-Sal', 4, 4, '2019-05-10'),
(10709, 5, 417, 'LIB-Prp', 4, 5, '2019-05-10'),
(10710, 5, 418, 'OCC-Sal', 4, 5, '2019-05-10'),
(10711, 5, 419, 'OCC-Sal', 4, 5, '2019-05-10'),
(10712, 5, 420, 'OCC-Sal', 4, 5, '2019-05-10'),
(10713, 5, 421, 'OCC-Sal', 4, 5, '2019-05-10'),
(10714, 5, 422, 'OCC-Sal', 4, 5, '2019-05-10'),
(10715, 5, 423, 'LIB-Prp', 4, 5, '2019-05-10'),
(10716, 5, 424, 'LIB-Prp', 4, 5, '2019-05-10'),
(10717, 5, 425, 'LIB-Prp', 4, 5, '2019-05-10'),
(10718, 5, 426, 'LIB-Prp', 4, 5, '2019-05-10'),
(10719, 5, 427, 'LIB-Prp', 4, 5, '2019-05-10'),
(10720, 5, 428, 'LIB-Prp', 4, 5, '2019-05-10'),
(10721, 5, 429, 'LIB-Prp', 4, 5, '2019-05-10'),
(10722, 5, 430, 'LIB-Prp', 4, 5, '2019-05-10'),
(10723, 5, 431, 'LIB-Prp', 4, 5, '2019-05-10'),
(10724, 5, 432, 'LIB-Prp', 4, 5, '2019-05-10'),
(12391, 3, 301, 'LIB-Sal', 3, 2, '2019-05-28'),
(12392, 3, 302, 'LIB-Sal', 3, 2, '2019-05-28'),
(12393, 3, 303, 'OCC-Sal', 3, 2, '2019-05-28'),
(12394, 3, 304, 'LIB-Prp', 3, 2, '2019-05-28'),
(12395, 3, 305, 'LIB-Prp', 3, 2, '2019-05-28'),
(12396, 3, 306, 'OCC-Sal', 3, 2, '2019-05-28'),
(12397, 3, 307, 'HS-Sal', 3, 2, '2019-05-28'),
(12398, 3, 308, 'OCC-Sal', 3, 2, '2019-05-28'),
(12399, 3, 309, 'LIB-Prp', 3, 2, '2019-05-28'),
(12400, 3, 310, 'LIB-Prp', 3, 2, '2019-05-28'),
(12401, 3, 311, 'LIB-Prp', 3, 2, '2019-05-28'),
(12402, 3, 312, 'LIB-Sal', 3, 2, '2019-05-28'),
(12403, 3, 313, 'OCC-Sal', 3, 2, '2019-05-28'),
(12404, 3, 314, 'OCC-Sal', 3, 2, '2019-05-28'),
(12405, 3, 315, 'HS-Sal', 3, 2, '2019-05-28'),
(12406, 3, 316, 'OCC-Sal', 3, 2, '2019-05-28'),
(12407, 3, 317, 'OCC-Sal', 3, 3, '2019-05-28'),
(12408, 3, 318, 'HS-Sal', 3, 3, '2019-05-28'),
(12409, 3, 319, 'OCC-Sal', 3, 3, '2019-05-28'),
(12410, 3, 320, 'OCC-Sal', 3, 3, '2019-05-28'),
(12411, 3, 321, 'LIB-Sal', 3, 3, '2019-05-28'),
(12412, 3, 322, 'LIB-Sal', 3, 3, '2019-05-28'),
(12413, 3, 323, 'LIB-Prp', 3, 3, '2019-05-28'),
(12414, 3, 324, 'LIB-Prp', 3, 3, '2019-05-28'),
(12415, 3, 325, 'LIB-Sal', 3, 3, '2019-05-28'),
(12416, 3, 326, 'LIB-Prp', 3, 3, '2019-05-28'),
(12417, 3, 327, 'LIB-Prp', 3, 3, '2019-05-28'),
(12418, 3, 328, 'LIB-Prp', 3, 3, '2019-05-28'),
(12419, 3, 329, 'LIB-Prp', 3, 3, '2019-05-28'),
(12420, 3, 330, 'OCC-Prp', 3, 3, '2019-05-28'),
(12421, 3, 331, 'LIB-Prp', 3, 3, '2019-05-28'),
(12422, 3, 332, 'LIB-Sal', 3, 3, '2019-05-28'),
(12423, 5, 401, 'OCC-Sal', 4, 4, '2019-05-28'),
(12424, 5, 402, 'LIB-Sal', 4, 4, '2019-05-28'),
(12425, 5, 403, 'LIB-Sal', 4, 4, '2019-05-28'),
(12426, 5, 404, 'OCC-Sal', 4, 4, '2019-05-28'),
(12427, 5, 405, 'LIB-Prp', 4, 4, '2019-05-28'),
(12428, 5, 406, 'OCC-Sal', 4, 4, '2019-05-28'),
(12429, 5, 407, 'LIB-Sal', 4, 4, '2019-05-28'),
(12430, 5, 408, 'LIB-Sal', 4, 4, '2019-05-28'),
(12431, 5, 409, 'LIB-Prp', 4, 4, '2019-05-28'),
(12432, 5, 410, 'LIB-Prp', 4, 4, '2019-05-28'),
(12433, 5, 411, 'LIB-Prp', 4, 4, '2019-05-28'),
(12434, 5, 412, 'LIB-Prp', 4, 4, '2019-05-28'),
(12435, 5, 413, 'HS-Sal', 4, 4, '2019-05-28'),
(12436, 5, 414, 'LIB-Prp', 4, 4, '2019-05-28'),
(12437, 5, 415, 'LIB-Prp', 4, 4, '2019-05-28'),
(12438, 5, 416, 'OCC-Sal', 4, 4, '2019-05-28'),
(12439, 5, 417, 'LIB-Prp', 4, 5, '2019-05-28'),
(12440, 5, 418, 'OCC-Sal', 4, 5, '2019-05-28'),
(12441, 5, 419, 'OCC-Sal', 4, 5, '2019-05-28'),
(12442, 5, 420, 'OCC-Sal', 4, 5, '2019-05-28'),
(12443, 5, 421, 'OCC-Sal', 4, 5, '2019-05-28'),
(12444, 5, 422, 'OCC-Sal', 4, 5, '2019-05-28'),
(12445, 5, 423, 'LIB-Prp', 4, 5, '2019-05-28'),
(12446, 5, 424, 'LIB-Prp', 4, 5, '2019-05-28'),
(12447, 5, 425, 'LIB-Prp', 4, 5, '2019-05-28'),
(12448, 5, 426, 'LIB-Prp', 4, 5, '2019-05-28'),
(12449, 5, 427, 'LIB-Prp', 4, 5, '2019-05-28'),
(12450, 5, 428, 'LIB-Prp', 4, 5, '2019-05-28'),
(12451, 5, 429, 'LIB-Prp', 4, 5, '2019-05-28'),
(12452, 5, 430, 'LIB-Prp', 4, 5, '2019-05-28'),
(12453, 5, 431, 'LIB-Prp', 4, 5, '2019-05-28'),
(12454, 5, 432, 'LIB-Prp', 4, 5, '2019-05-28'),
(12455, 1, 200, 'LIB-Prp', 2, 1, '2019-05-28'),
(12456, 1, 201, 'HS-Sal', 2, 1, '2019-05-28'),
(12457, 1, 202, 'LIB-Prp', 2, 1, '2019-05-28'),
(12458, 1, 203, 'LIB-Prp', 2, 1, '2019-05-28'),
(12459, 1, 204, 'LIB-Prp', 2, 1, '2019-05-28'),
(12460, 1, 205, 'LIB-Prp', 2, 1, '2019-05-28'),
(12461, 1, 206, 'OCC-Sal', 2, 1, '2019-05-28'),
(12462, 1, 207, 'OCC-Sal', 2, 1, '2019-05-28'),
(12463, 1, 208, 'LIB-Prp', 2, 1, '2019-05-28'),
(12464, 1, 209, 'OCC-Sal', 2, 1, '2019-05-28'),
(12465, 1, 210, 'OCC-Sal', 2, 1, '2019-05-28'),
(12466, 1, 211, 'OCC-Sal', 2, 1, '2019-05-28'),
(12467, 1, 212, 'LIB-Prp', 2, 1, '2019-05-28'),
(12468, 1, 213, 'OCC-Sal', 2, 1, '2019-05-28'),
(12469, 1, 214, 'LIB-Sal', 2, 1, '2019-05-28'),
(12470, 1, 215, 'LIB-Sal', 2, 1, '2019-05-28'),
(12471, 1, 216, 'OCC-Sal', 2, 1, '2019-05-28'),
(12472, 1, 217, 'LIB-Prp', 2, 1, '2019-05-28'),
(12473, 1, 218, 'LIB-Prp', 2, 1, '2019-05-28'),
(12569, 1, 212, 'LIB-Prp', 2, 1, '2019-05-29'),
(12570, 1, 213, 'OCC-Sal', 2, 1, '2019-05-29'),
(12571, 1, 214, 'LIB-Sal', 2, 1, '2019-05-29'),
(12572, 1, 215, 'LIB-Sal', 2, 1, '2019-05-29'),
(12573, 1, 216, 'OCC-Sal', 2, 1, '2019-05-29'),
(12574, 1, 217, 'LIB-Prp', 2, 1, '2019-05-29'),
(12575, 1, 218, 'LIB-Prp', 2, 1, '2019-05-29'),
(12576, 3, 301, 'LIB-Sal', 3, 2, '2019-05-29'),
(12577, 3, 302, 'LIB-Sal', 3, 2, '2019-05-29'),
(12578, 3, 303, 'OCC-Sal', 3, 2, '2019-05-29'),
(12579, 3, 304, 'LIB-Prp', 3, 2, '2019-05-29'),
(12580, 3, 305, 'LIB-Prp', 3, 2, '2019-05-29'),
(12581, 3, 306, 'OCC-Sal', 3, 2, '2019-05-29'),
(12582, 3, 307, 'HS-Sal', 3, 2, '2019-05-29'),
(12583, 3, 308, 'OCC-Sal', 3, 2, '2019-05-29'),
(12584, 3, 309, 'LIB-Prp', 3, 2, '2019-05-29'),
(12585, 3, 310, 'LIB-Prp', 3, 2, '2019-05-29'),
(12586, 3, 311, 'LIB-Prp', 3, 2, '2019-05-29'),
(12587, 3, 312, 'LIB-Sal', 3, 2, '2019-05-29'),
(12588, 3, 313, 'OCC-Sal', 3, 2, '2019-05-29'),
(12589, 3, 314, 'OCC-Sal', 3, 2, '2019-05-29'),
(12590, 3, 315, 'HS-Sal', 3, 2, '2019-05-29'),
(12591, 3, 316, 'OCC-Sal', 3, 2, '2019-05-29'),
(12592, 3, 317, 'OCC-Sal', 3, 3, '2019-05-29'),
(12593, 3, 318, 'HS-Sal', 3, 3, '2019-05-29'),
(12594, 3, 319, 'OCC-Sal', 3, 3, '2019-05-29'),
(12595, 3, 320, 'OCC-Sal', 3, 3, '2019-05-29'),
(12596, 3, 321, 'LIB-Sal', 3, 3, '2019-05-29'),
(12597, 3, 322, 'LIB-Sal', 3, 3, '2019-05-29'),
(12598, 3, 323, 'LIB-Prp', 3, 3, '2019-05-29'),
(12599, 3, 324, 'LIB-Prp', 3, 3, '2019-05-29'),
(12600, 3, 325, 'LIB-Sal', 3, 3, '2019-05-29'),
(12601, 3, 326, 'LIB-Prp', 3, 3, '2019-05-29'),
(12602, 3, 327, 'LIB-Prp', 3, 3, '2019-05-29'),
(12603, 3, 328, 'LIB-Prp', 3, 3, '2019-05-29'),
(12604, 3, 329, 'LIB-Prp', 3, 3, '2019-05-29'),
(12605, 3, 330, 'OCC-Prp', 3, 3, '2019-05-29'),
(12606, 3, 331, 'LIB-Prp', 3, 3, '2019-05-29'),
(12607, 3, 332, 'LIB-Sal', 3, 3, '2019-05-29'),
(12608, 5, 401, 'OCC-Sal', 4, 4, '2019-05-29'),
(12609, 5, 402, 'LIB-Sal', 4, 4, '2019-05-29'),
(12610, 5, 403, 'LIB-Sal', 4, 4, '2019-05-29'),
(12611, 5, 404, 'OCC-Sal', 4, 4, '2019-05-29'),
(12612, 5, 405, 'LIB-Prp', 4, 4, '2019-05-29'),
(12613, 5, 406, 'OCC-Sal', 4, 4, '2019-05-29'),
(12614, 5, 407, 'LIB-Sal', 4, 4, '2019-05-29'),
(12615, 5, 408, 'LIB-Sal', 4, 4, '2019-05-29'),
(12616, 5, 409, 'LIB-Prp', 4, 4, '2019-05-29'),
(12617, 5, 410, 'LIB-Prp', 4, 4, '2019-05-29'),
(12618, 5, 411, 'LIB-Prp', 4, 4, '2019-05-29'),
(12619, 5, 412, 'LIB-Prp', 4, 4, '2019-05-29'),
(12620, 5, 413, 'HS-Sal', 4, 4, '2019-05-29'),
(12621, 5, 414, 'LIB-Prp', 4, 4, '2019-05-29'),
(12622, 5, 415, 'LIB-Prp', 4, 4, '2019-05-29'),
(12623, 5, 416, 'OCC-Sal', 4, 4, '2019-05-29'),
(12624, 5, 417, 'LIB-Prp', 4, 5, '2019-05-29'),
(12625, 5, 418, 'OCC-Sal', 4, 5, '2019-05-29'),
(12626, 5, 419, 'OCC-Sal', 4, 5, '2019-05-29'),
(12627, 5, 420, 'OCC-Sal', 4, 5, '2019-05-29'),
(12628, 5, 421, 'OCC-Sal', 4, 5, '2019-05-29'),
(12629, 5, 422, 'OCC-Sal', 4, 5, '2019-05-29'),
(12630, 5, 423, 'LIB-Prp', 4, 5, '2019-05-29'),
(12631, 5, 424, 'LIB-Prp', 4, 5, '2019-05-29'),
(12632, 5, 425, 'LIB-Prp', 4, 5, '2019-05-29'),
(12633, 5, 426, 'LIB-Prp', 4, 5, '2019-05-29'),
(12634, 5, 427, 'LIB-Prp', 4, 5, '2019-05-29'),
(12635, 5, 428, 'LIB-Prp', 4, 5, '2019-05-29'),
(12636, 5, 429, 'LIB-Prp', 4, 5, '2019-05-29'),
(12637, 5, 430, 'LIB-Prp', 4, 5, '2019-05-29'),
(12638, 5, 431, 'LIB-Prp', 4, 5, '2019-05-29'),
(12639, 5, 432, 'LIB-Prp', 4, 5, '2019-05-29'),
(12640, 2, 200, 'LIB-Prp', 2, 1, '2019-05-29'),
(12641, 2, 201, 'HS-Sal', 2, 1, '2019-05-29'),
(12642, 2, 202, 'LIB-Prp', 2, 1, '2019-05-29'),
(12643, 2, 203, 'LIB-Prp', 2, 1, '2019-05-29'),
(12644, 2, 204, 'LIB-Prp', 2, 1, '2019-05-29'),
(12645, 2, 205, 'LIB-Prp', 2, 1, '2019-05-29'),
(12646, 2, 206, 'OCC-Sal', 2, 1, '2019-05-29'),
(12647, 2, 207, 'OCC-Sal', 2, 1, '2019-05-29'),
(12648, 2, 208, 'LIB-Prp', 2, 1, '2019-05-29'),
(12649, 2, 209, 'OCC-Sal', 2, 1, '2019-05-29'),
(12650, 2, 210, 'OCC-Sal', 2, 1, '2019-05-29'),
(12651, 2, 211, 'OCC-Sal', 2, 1, '2019-05-29'),
(12652, 2, 212, 'LIB-Prp', 2, 1, '2019-05-29'),
(12653, 2, 213, 'OCC-Sal', 2, 1, '2019-05-29'),
(12654, 2, 214, 'LIB-Sal', 2, 1, '2019-05-29'),
(12655, 2, 215, 'LIB-Sal', 2, 1, '2019-05-29'),
(12656, 2, 216, 'OCC-Sal', 2, 1, '2019-05-29'),
(12657, 2, 217, 'LIB-Prp', 2, 1, '2019-05-29'),
(12658, 2, 218, 'LIB-Prp', 2, 1, '2019-05-29'),
(12659, 1, 200, 'LIB-Prp', 2, 1, '2019-05-31'),
(12660, 1, 201, 'HS-Sal', 2, 1, '2019-05-31'),
(12661, 1, 202, 'LIB-Prp', 2, 1, '2019-05-31'),
(12662, 1, 203, 'LIB-Prp', 2, 1, '2019-05-31'),
(12663, 1, 204, 'LIB-Prp', 2, 1, '2019-05-31'),
(12664, 1, 205, 'LIB-Prp', 2, 1, '2019-05-31'),
(12665, 1, 206, 'OCC-Sal', 2, 1, '2019-05-31'),
(12666, 1, 207, 'OCC-Sal', 2, 1, '2019-05-31'),
(12667, 1, 208, 'LIB-Prp', 2, 1, '2019-05-31'),
(12668, 1, 209, 'OCC-Sal', 2, 1, '2019-05-31'),
(12669, 1, 210, 'OCC-Sal', 2, 1, '2019-05-31'),
(12670, 1, 211, 'OCC-Sal', 2, 1, '2019-05-31'),
(12671, 1, 212, 'LIB-Prp', 2, 1, '2019-05-31'),
(12672, 1, 213, 'OCC-Sal', 2, 1, '2019-05-31'),
(12673, 1, 214, 'LIB-Sal', 2, 1, '2019-05-31'),
(12674, 1, 215, 'LIB-Sal', 2, 1, '2019-05-31'),
(12675, 1, 216, 'OCC-Sal', 2, 1, '2019-05-31'),
(12676, 1, 217, 'LIB-Prp', 2, 1, '2019-05-31'),
(12677, 1, 218, 'LIB-Prp', 2, 1, '2019-05-31'),
(12678, 3, 301, 'LIB-Sal', 3, 2, '2019-05-31'),
(12679, 3, 302, 'LIB-Sal', 3, 2, '2019-05-31'),
(12680, 3, 303, 'OCC-Sal', 3, 2, '2019-05-31'),
(12681, 3, 304, 'LIB-Prp', 3, 2, '2019-05-31'),
(12682, 3, 305, 'LIB-Prp', 3, 2, '2019-05-31'),
(12683, 3, 306, 'OCC-Sal', 3, 2, '2019-05-31'),
(12684, 3, 307, 'HS-Sal', 3, 2, '2019-05-31'),
(12685, 3, 308, 'OCC-Sal', 3, 2, '2019-05-31'),
(12686, 3, 309, 'LIB-Prp', 3, 2, '2019-05-31'),
(12687, 3, 310, 'LIB-Prp', 3, 2, '2019-05-31'),
(12688, 3, 311, 'LIB-Prp', 3, 2, '2019-05-31'),
(12689, 3, 312, 'LIB-Sal', 3, 2, '2019-05-31'),
(12690, 3, 313, 'OCC-Sal', 3, 2, '2019-05-31'),
(12691, 3, 314, 'OCC-Sal', 3, 2, '2019-05-31'),
(12692, 3, 315, 'HS-Sal', 3, 2, '2019-05-31'),
(12693, 3, 316, 'OCC-Sal', 3, 2, '2019-05-31'),
(12694, 3, 317, 'OCC-Sal', 3, 3, '2019-05-31'),
(12695, 3, 318, 'HS-Sal', 3, 3, '2019-05-31'),
(12696, 3, 319, 'OCC-Sal', 3, 3, '2019-05-31'),
(12697, 3, 320, 'OCC-Sal', 3, 3, '2019-05-31'),
(12698, 3, 321, 'LIB-Sal', 3, 3, '2019-05-31'),
(12699, 3, 322, 'LIB-Sal', 3, 3, '2019-05-31'),
(12700, 3, 323, 'LIB-Prp', 3, 3, '2019-05-31'),
(12701, 3, 324, 'LIB-Prp', 3, 3, '2019-05-31'),
(12702, 3, 325, 'LIB-Sal', 3, 3, '2019-05-31'),
(12703, 3, 326, 'LIB-Prp', 3, 3, '2019-05-31'),
(12704, 3, 327, 'LIB-Prp', 3, 3, '2019-05-31'),
(12705, 3, 328, 'LIB-Prp', 3, 3, '2019-05-31'),
(12706, 3, 329, 'LIB-Prp', 3, 3, '2019-05-31'),
(12707, 3, 330, 'OCC-Prp', 3, 3, '2019-05-31'),
(12708, 3, 331, 'LIB-Prp', 3, 3, '2019-05-31'),
(12709, 3, 332, 'LIB-Sal', 3, 3, '2019-05-31'),
(12710, 5, 401, 'OCC-Sal', 4, 4, '2019-05-31'),
(12711, 5, 402, 'LIB-Sal', 4, 4, '2019-05-31'),
(12712, 5, 403, 'LIB-Sal', 4, 4, '2019-05-31'),
(12713, 5, 404, 'OCC-Sal', 4, 4, '2019-05-31'),
(12714, 5, 405, 'LIB-Prp', 4, 4, '2019-05-31'),
(12715, 5, 406, 'OCC-Sal', 4, 4, '2019-05-31'),
(12716, 5, 407, 'LIB-Sal', 4, 4, '2019-05-31'),
(12717, 5, 408, 'LIB-Sal', 4, 4, '2019-05-31'),
(12718, 5, 409, 'LIB-Prp', 4, 4, '2019-05-31'),
(12719, 5, 410, 'LIB-Prp', 4, 4, '2019-05-31'),
(12720, 5, 411, 'LIB-Prp', 4, 4, '2019-05-31'),
(12721, 5, 412, 'LIB-Prp', 4, 4, '2019-05-31'),
(12722, 5, 413, 'HS-Sal', 4, 4, '2019-05-31'),
(12723, 5, 414, 'LIB-Prp', 4, 4, '2019-05-31'),
(12724, 5, 415, 'LIB-Prp', 4, 4, '2019-05-31'),
(12725, 5, 416, 'OCC-Sal', 4, 4, '2019-05-31'),
(12726, 5, 417, 'LIB-Prp', 4, 5, '2019-05-31'),
(12727, 5, 418, 'OCC-Sal', 4, 5, '2019-05-31'),
(12728, 5, 419, 'OCC-Sal', 4, 5, '2019-05-31'),
(12729, 5, 420, 'OCC-Sal', 4, 5, '2019-05-31'),
(12730, 5, 421, 'OCC-Sal', 4, 5, '2019-05-31'),
(12731, 5, 422, 'OCC-Sal', 4, 5, '2019-05-31'),
(12732, 5, 423, 'LIB-Prp', 4, 5, '2019-05-31'),
(12733, 5, 424, 'LIB-Prp', 4, 5, '2019-05-31'),
(12734, 5, 425, 'LIB-Prp', 4, 5, '2019-05-31'),
(12735, 5, 426, 'LIB-Prp', 4, 5, '2019-05-31'),
(12736, 5, 427, 'LIB-Prp', 4, 5, '2019-05-31'),
(12737, 5, 428, 'LIB-Prp', 4, 5, '2019-05-31'),
(12738, 5, 429, 'LIB-Prp', 4, 5, '2019-05-31'),
(12739, 5, 430, 'LIB-Prp', 4, 5, '2019-05-31'),
(12740, 5, 431, 'LIB-Prp', 4, 5, '2019-05-31'),
(12741, 5, 432, 'LIB-Prp', 4, 5, '2019-05-31'),
(12825, 1, 200, 'LIB-Prp', 2, 1, '2019-06-03'),
(12826, 1, 201, 'HS-Sal', 2, 1, '2019-06-03'),
(12827, 1, 202, 'LIB-Prp', 2, 1, '2019-06-03'),
(12828, 1, 203, 'LIB-Prp', 2, 1, '2019-06-03'),
(12829, 1, 204, 'LIB-Prp', 2, 1, '2019-06-03'),
(12830, 1, 205, 'LIB-Prp', 2, 1, '2019-06-03'),
(12831, 1, 206, 'OCC-Sal', 2, 1, '2019-06-03'),
(12832, 1, 207, 'OCC-Sal', 2, 1, '2019-06-03'),
(12833, 1, 208, 'LIB-Prp', 2, 1, '2019-06-03'),
(12834, 1, 209, 'OCC-Sal', 2, 1, '2019-06-03'),
(12835, 1, 210, 'OCC-Sal', 2, 1, '2019-06-03'),
(12836, 1, 211, 'OCC-Sal', 2, 1, '2019-06-03'),
(12837, 1, 212, 'LIB-Prp', 2, 1, '2019-06-03'),
(12838, 1, 213, 'OCC-Sal', 2, 1, '2019-06-03'),
(12839, 1, 214, 'LIB-Sal', 2, 1, '2019-06-03'),
(12840, 1, 215, 'LIB-Sal', 2, 1, '2019-06-03'),
(12841, 1, 216, 'OCC-Sal', 2, 1, '2019-06-03'),
(12842, 1, 217, 'LIB-Prp', 2, 1, '2019-06-03'),
(12843, 1, 218, 'LIB-Prp', 2, 1, '2019-06-03'),
(12844, 3, 301, 'LIB-Sal', 3, 2, '2019-06-03'),
(12845, 3, 302, 'LIB-Sal', 3, 2, '2019-06-03'),
(12846, 3, 303, 'OCC-Sal', 3, 2, '2019-06-03'),
(12847, 3, 304, 'LIB-Prp', 3, 2, '2019-06-03'),
(12848, 3, 305, 'LIB-Prp', 3, 2, '2019-06-03'),
(12849, 3, 306, 'OCC-Sal', 3, 2, '2019-06-03'),
(12850, 3, 307, 'HS-Sal', 3, 2, '2019-06-03'),
(12851, 3, 308, 'OCC-Sal', 3, 2, '2019-06-03'),
(12852, 3, 309, 'LIB-Prp', 3, 2, '2019-06-03'),
(12853, 3, 310, 'LIB-Prp', 3, 2, '2019-06-03'),
(12854, 3, 311, 'LIB-Prp', 3, 2, '2019-06-03'),
(12855, 3, 312, 'LIB-Sal', 3, 2, '2019-06-03'),
(12856, 3, 313, 'OCC-Sal', 3, 2, '2019-06-03'),
(12857, 3, 314, 'OCC-Sal', 3, 2, '2019-06-03'),
(12858, 3, 315, 'HS-Sal', 3, 2, '2019-06-03'),
(12859, 3, 316, 'OCC-Sal', 3, 2, '2019-06-03'),
(12860, 3, 317, 'OCC-Sal', 3, 3, '2019-06-03'),
(12861, 3, 318, 'HS-Sal', 3, 3, '2019-06-03'),
(12862, 3, 319, 'OCC-Sal', 3, 3, '2019-06-03'),
(12863, 3, 320, 'OCC-Sal', 3, 3, '2019-06-03'),
(12864, 3, 321, 'LIB-Sal', 3, 3, '2019-06-03'),
(12865, 3, 322, 'LIB-Sal', 3, 3, '2019-06-03'),
(12866, 3, 323, 'LIB-Prp', 3, 3, '2019-06-03'),
(12867, 3, 324, 'LIB-Prp', 3, 3, '2019-06-03'),
(12868, 3, 325, 'LIB-Sal', 3, 3, '2019-06-03'),
(12869, 3, 326, 'LIB-Prp', 3, 3, '2019-06-03'),
(12870, 3, 327, 'LIB-Prp', 3, 3, '2019-06-03'),
(12871, 3, 328, 'LIB-Prp', 3, 3, '2019-06-03'),
(12872, 3, 329, 'LIB-Prp', 3, 3, '2019-06-03'),
(12873, 3, 330, 'OCC-Prp', 3, 3, '2019-06-03'),
(12874, 3, 331, 'LIB-Prp', 3, 3, '2019-06-03'),
(12875, 3, 332, 'LIB-Sal', 3, 3, '2019-06-03'),
(12876, 5, 401, 'OCC-Sal', 4, 4, '2019-06-03'),
(12877, 5, 402, 'LIB-Sal', 4, 4, '2019-06-03'),
(12878, 5, 403, 'LIB-Sal', 4, 4, '2019-06-03'),
(12879, 5, 404, 'OCC-Sal', 4, 4, '2019-06-03'),
(12880, 5, 405, 'LIB-Prp', 4, 4, '2019-06-03'),
(12881, 5, 406, 'OCC-Sal', 4, 4, '2019-06-03'),
(12882, 5, 407, 'LIB-Sal', 4, 4, '2019-06-03'),
(12883, 5, 408, 'LIB-Sal', 4, 4, '2019-06-03'),
(12884, 5, 409, 'LIB-Prp', 4, 4, '2019-06-03'),
(12885, 5, 410, 'LIB-Prp', 4, 4, '2019-06-03'),
(12886, 5, 411, 'LIB-Prp', 4, 4, '2019-06-03'),
(12887, 5, 412, 'LIB-Prp', 4, 4, '2019-06-03'),
(12888, 5, 413, 'HS-Sal', 4, 4, '2019-06-03'),
(12889, 5, 414, 'LIB-Prp', 4, 4, '2019-06-03'),
(12890, 5, 415, 'LIB-Prp', 4, 4, '2019-06-03'),
(12891, 5, 416, 'OCC-Sal', 4, 4, '2019-06-03'),
(12892, 5, 417, 'LIB-Prp', 4, 5, '2019-06-03'),
(12893, 5, 418, 'OCC-Sal', 4, 5, '2019-06-03'),
(12894, 5, 419, 'OCC-Sal', 4, 5, '2019-06-03'),
(12895, 5, 420, 'OCC-Sal', 4, 5, '2019-06-03'),
(12896, 5, 421, 'OCC-Sal', 4, 5, '2019-06-03'),
(12897, 5, 422, 'OCC-Sal', 4, 5, '2019-06-03'),
(12898, 5, 423, 'LIB-Prp', 4, 5, '2019-06-03'),
(12899, 5, 424, 'LIB-Prp', 4, 5, '2019-06-03'),
(12900, 5, 425, 'LIB-Prp', 4, 5, '2019-06-03'),
(12901, 5, 426, 'LIB-Prp', 4, 5, '2019-06-03'),
(12902, 5, 427, 'LIB-Prp', 4, 5, '2019-06-03'),
(12903, 5, 428, 'LIB-Prp', 4, 5, '2019-06-03'),
(12904, 5, 429, 'LIB-Prp', 4, 5, '2019-06-03'),
(12905, 5, 430, 'LIB-Prp', 4, 5, '2019-06-03'),
(12906, 5, 431, 'LIB-Prp', 4, 5, '2019-06-03'),
(12907, 5, 432, 'LIB-Prp', 4, 5, '2019-06-03'),
(12908, 1, 200, 'LIB-Prp', 2, 1, '2019-06-05'),
(12909, 1, 201, 'HS-Sal', 2, 1, '2019-06-05'),
(12910, 1, 202, 'LIB-Prp', 2, 1, '2019-06-05'),
(12911, 1, 203, 'LIB-Prp', 2, 1, '2019-06-05'),
(12912, 1, 204, 'LIB-Prp', 2, 1, '2019-06-05'),
(12913, 1, 205, 'LIB-Prp', 2, 1, '2019-06-05'),
(12914, 1, 206, 'OCC-Sal', 2, 1, '2019-06-05'),
(12915, 1, 207, 'OCC-Sal', 2, 1, '2019-06-05'),
(12916, 1, 208, 'LIB-Prp', 2, 1, '2019-06-05'),
(12917, 1, 209, 'OCC-Sal', 2, 1, '2019-06-05'),
(12918, 1, 210, 'OCC-Sal', 2, 1, '2019-06-05'),
(12919, 1, 211, 'OCC-Sal', 2, 1, '2019-06-05'),
(12920, 1, 212, 'LIB-Prp', 2, 1, '2019-06-05'),
(12921, 1, 213, 'OCC-Sal', 2, 1, '2019-06-05'),
(12922, 1, 214, 'LIB-Sal', 2, 1, '2019-06-05'),
(12923, 1, 215, 'LIB-Sal', 2, 1, '2019-06-05'),
(12924, 1, 216, 'OCC-Sal', 2, 1, '2019-06-05'),
(12925, 1, 217, 'LIB-Prp', 2, 1, '2019-06-05'),
(12926, 1, 218, 'LIB-Prp', 2, 1, '2019-06-05'),
(12927, 3, 301, 'LIB-Sal', 3, 2, '2019-06-05'),
(12928, 3, 302, 'LIB-Sal', 3, 2, '2019-06-05'),
(12929, 3, 303, 'OCC-Sal', 3, 2, '2019-06-05'),
(12930, 3, 304, 'LIB-Prp', 3, 2, '2019-06-05'),
(12931, 3, 305, 'LIB-Prp', 3, 2, '2019-06-05'),
(12932, 3, 306, 'OCC-Sal', 3, 2, '2019-06-05'),
(12933, 3, 307, 'HS-Sal', 3, 2, '2019-06-05'),
(12934, 3, 308, 'OCC-Sal', 3, 2, '2019-06-05'),
(12935, 3, 309, 'LIB-Prp', 3, 2, '2019-06-05'),
(12936, 3, 310, 'LIB-Prp', 3, 2, '2019-06-05'),
(12937, 3, 311, 'LIB-Prp', 3, 2, '2019-06-05'),
(12938, 3, 312, 'LIB-Sal', 3, 2, '2019-06-05'),
(12939, 3, 313, 'OCC-Sal', 3, 2, '2019-06-05'),
(12940, 3, 314, 'OCC-Sal', 3, 2, '2019-06-05'),
(12941, 3, 315, 'HS-Sal', 3, 2, '2019-06-05'),
(12942, 3, 316, 'OCC-Sal', 3, 2, '2019-06-05'),
(12943, 3, 317, 'OCC-Sal', 3, 3, '2019-06-05'),
(12944, 3, 318, 'HS-Sal', 3, 3, '2019-06-05'),
(12945, 3, 319, 'OCC-Sal', 3, 3, '2019-06-05'),
(12946, 3, 320, 'OCC-Sal', 3, 3, '2019-06-05'),
(12947, 3, 321, 'LIB-Sal', 3, 3, '2019-06-05'),
(12948, 3, 322, 'LIB-Sal', 3, 3, '2019-06-05'),
(12949, 3, 323, 'LIB-Prp', 3, 3, '2019-06-05'),
(12950, 3, 324, 'LIB-Prp', 3, 3, '2019-06-05'),
(12951, 3, 325, 'LIB-Sal', 3, 3, '2019-06-05'),
(12952, 3, 326, 'LIB-Prp', 3, 3, '2019-06-05'),
(12953, 3, 327, 'LIB-Prp', 3, 3, '2019-06-05'),
(12954, 3, 328, 'LIB-Prp', 3, 3, '2019-06-05'),
(12955, 3, 329, 'LIB-Prp', 3, 3, '2019-06-05'),
(12956, 3, 330, 'OCC-Prp', 3, 3, '2019-06-05'),
(12957, 3, 331, 'LIB-Prp', 3, 3, '2019-06-05'),
(12958, 3, 332, 'LIB-Sal', 3, 3, '2019-06-05'),
(12959, 5, 401, 'OCC-Sal', 4, 4, '2019-06-05'),
(12960, 5, 402, 'LIB-Sal', 4, 4, '2019-06-05'),
(12961, 5, 403, 'LIB-Sal', 4, 4, '2019-06-05'),
(12962, 5, 404, 'OCC-Sal', 4, 4, '2019-06-05'),
(12963, 5, 405, 'LIB-Prp', 4, 4, '2019-06-05'),
(12964, 5, 406, 'OCC-Sal', 4, 4, '2019-06-05'),
(12965, 5, 407, 'LIB-Sal', 4, 4, '2019-06-05'),
(12966, 5, 408, 'LIB-Sal', 4, 4, '2019-06-05'),
(12967, 5, 409, 'LIB-Prp', 4, 4, '2019-06-05'),
(12968, 5, 410, 'LIB-Prp', 4, 4, '2019-06-05'),
(12969, 5, 411, 'LIB-Prp', 4, 4, '2019-06-05'),
(12970, 5, 412, 'LIB-Prp', 4, 4, '2019-06-05'),
(12971, 5, 413, 'HS-Sal', 4, 4, '2019-06-05'),
(12972, 5, 414, 'LIB-Prp', 4, 4, '2019-06-05'),
(12973, 5, 415, 'LIB-Prp', 4, 4, '2019-06-05'),
(12974, 5, 416, 'OCC-Sal', 4, 4, '2019-06-05'),
(12975, 5, 417, 'LIB-Prp', 4, 5, '2019-06-05'),
(12976, 5, 418, 'OCC-Sal', 4, 5, '2019-06-05'),
(12977, 5, 419, 'OCC-Sal', 4, 5, '2019-06-05'),
(12978, 5, 420, 'OCC-Sal', 4, 5, '2019-06-05'),
(12979, 5, 421, 'OCC-Sal', 4, 5, '2019-06-05'),
(12980, 5, 422, 'OCC-Sal', 4, 5, '2019-06-05'),
(12981, 5, 423, 'LIB-Prp', 4, 5, '2019-06-05'),
(12982, 5, 424, 'LIB-Prp', 4, 5, '2019-06-05'),
(12983, 5, 425, 'LIB-Prp', 4, 5, '2019-06-05'),
(12984, 5, 426, 'LIB-Prp', 4, 5, '2019-06-05'),
(12985, 5, 427, 'LIB-Prp', 4, 5, '2019-06-05'),
(12986, 5, 428, 'LIB-Prp', 4, 5, '2019-06-05'),
(12987, 5, 429, 'LIB-Prp', 4, 5, '2019-06-05'),
(12988, 5, 430, 'LIB-Prp', 4, 5, '2019-06-05'),
(12989, 5, 431, 'LIB-Prp', 4, 5, '2019-06-05'),
(12990, 5, 432, 'LIB-Prp', 4, 5, '2019-06-05'),
(12991, 1, 200, 'LIB-Prp', 2, 1, '2019-06-20'),
(12992, 1, 201, 'HS-Sal', 2, 1, '2019-06-20'),
(12993, 1, 202, 'LIB-Prp', 2, 1, '2019-06-20'),
(12994, 1, 203, 'LIB-Prp', 2, 1, '2019-06-20'),
(12995, 1, 204, 'LIB-Prp', 2, 1, '2019-06-20'),
(12996, 1, 205, 'LIB-Prp', 2, 1, '2019-06-20'),
(12997, 1, 206, 'OCC-Sal', 2, 1, '2019-06-20'),
(12998, 1, 207, 'OCC-Sal', 2, 1, '2019-06-20'),
(12999, 1, 208, 'LIB-Prp', 2, 1, '2019-06-20'),
(13000, 1, 209, 'OCC-Sal', 2, 1, '2019-06-20'),
(13001, 1, 210, 'OCC-Sal', 2, 1, '2019-06-20'),
(13002, 1, 211, 'OCC-Sal', 2, 1, '2019-06-20'),
(13003, 1, 212, 'LIB-Prp', 2, 1, '2019-06-20'),
(13004, 1, 213, 'OCC-Sal', 2, 1, '2019-06-20'),
(13005, 1, 214, 'LIB-Sal', 2, 1, '2019-06-20'),
(13006, 1, 215, 'LIB-Sal', 2, 1, '2019-06-20'),
(13007, 1, 216, 'OCC-Sal', 2, 1, '2019-06-20'),
(13008, 1, 217, 'LIB-Prp', 2, 1, '2019-06-20'),
(13009, 1, 218, 'LIB-Prp', 2, 1, '2019-06-20'),
(13010, 3, 301, 'LIB-Sal', 3, 2, '2019-06-20'),
(13011, 3, 302, 'LIB-Sal', 3, 2, '2019-06-20'),
(13012, 3, 303, 'OCC-Sal', 3, 2, '2019-06-20'),
(13013, 3, 304, 'LIB-Prp', 3, 2, '2019-06-20'),
(13014, 3, 305, 'LIB-Prp', 3, 2, '2019-06-20'),
(13015, 3, 306, 'OCC-Sal', 3, 2, '2019-06-20'),
(13016, 3, 307, 'HS-Sal', 3, 2, '2019-06-20'),
(13017, 3, 308, 'OCC-Sal', 3, 2, '2019-06-20'),
(13018, 3, 309, 'LIB-Prp', 3, 2, '2019-06-20'),
(13019, 3, 310, 'LIB-Prp', 3, 2, '2019-06-20'),
(13020, 3, 311, 'LIB-Prp', 3, 2, '2019-06-20'),
(13021, 3, 312, 'LIB-Sal', 3, 2, '2019-06-20'),
(13022, 3, 313, 'OCC-Sal', 3, 2, '2019-06-20'),
(13023, 3, 314, 'OCC-Sal', 3, 2, '2019-06-20'),
(13024, 3, 315, 'HS-Sal', 3, 2, '2019-06-20'),
(13025, 3, 316, 'OCC-Sal', 3, 2, '2019-06-20'),
(13026, 3, 317, 'OCC-Sal', 3, 3, '2019-06-20'),
(13027, 3, 318, 'HS-Sal', 3, 3, '2019-06-20'),
(13028, 3, 319, 'OCC-Sal', 3, 3, '2019-06-20'),
(13029, 3, 320, 'OCC-Sal', 3, 3, '2019-06-20'),
(13030, 3, 321, 'LIB-Sal', 3, 3, '2019-06-20'),
(13031, 3, 322, 'LIB-Sal', 3, 3, '2019-06-20'),
(13032, 3, 323, 'LIB-Prp', 3, 3, '2019-06-20'),
(13033, 3, 324, 'LIB-Prp', 3, 3, '2019-06-20'),
(13034, 3, 325, 'LIB-Sal', 3, 3, '2019-06-20'),
(13035, 3, 326, 'LIB-Prp', 3, 3, '2019-06-20'),
(13036, 3, 327, 'LIB-Prp', 3, 3, '2019-06-20'),
(13037, 3, 328, 'LIB-Prp', 3, 3, '2019-06-20'),
(13038, 3, 329, 'LIB-Prp', 3, 3, '2019-06-20'),
(13039, 3, 330, 'OCC-Prp', 3, 3, '2019-06-20'),
(13040, 3, 331, 'LIB-Prp', 3, 3, '2019-06-20'),
(13041, 3, 332, 'LIB-Sal', 3, 3, '2019-06-20'),
(13042, 5, 401, 'OCC-Sal', 4, 4, '2019-06-20'),
(13043, 5, 402, 'LIB-Sal', 4, 4, '2019-06-20'),
(13044, 5, 403, 'LIB-Sal', 4, 4, '2019-06-20'),
(13045, 5, 404, 'OCC-Sal', 4, 4, '2019-06-20'),
(13046, 5, 405, 'LIB-Prp', 4, 4, '2019-06-20'),
(13047, 5, 406, 'OCC-Sal', 4, 4, '2019-06-20'),
(13048, 5, 407, 'LIB-Sal', 4, 4, '2019-06-20'),
(13049, 5, 408, 'LIB-Sal', 4, 4, '2019-06-20'),
(13050, 5, 409, 'LIB-Prp', 4, 4, '2019-06-20'),
(13051, 5, 410, 'LIB-Prp', 4, 4, '2019-06-20'),
(13052, 5, 411, 'LIB-Prp', 4, 4, '2019-06-20'),
(13053, 5, 412, 'LIB-Prp', 4, 4, '2019-06-20'),
(13054, 5, 413, 'HS-Sal', 4, 4, '2019-06-20'),
(13055, 5, 414, 'LIB-Prp', 4, 4, '2019-06-20'),
(13056, 5, 415, 'LIB-Prp', 4, 4, '2019-06-20'),
(13057, 5, 416, 'OCC-Sal', 4, 4, '2019-06-20'),
(13058, 5, 417, 'LIB-Prp', 4, 5, '2019-06-20'),
(13059, 5, 418, 'OCC-Sal', 4, 5, '2019-06-20'),
(13060, 5, 419, 'OCC-Sal', 4, 5, '2019-06-20'),
(13061, 5, 420, 'OCC-Sal', 4, 5, '2019-06-20'),
(13062, 5, 421, 'OCC-Sal', 4, 5, '2019-06-20'),
(13063, 5, 422, 'OCC-Sal', 4, 5, '2019-06-20'),
(13064, 5, 423, 'LIB-Prp', 4, 5, '2019-06-20'),
(13065, 5, 424, 'LIB-Prp', 4, 5, '2019-06-20'),
(13066, 5, 425, 'LIB-Prp', 4, 5, '2019-06-20'),
(13067, 5, 426, 'LIB-Prp', 4, 5, '2019-06-20'),
(13068, 5, 427, 'LIB-Prp', 4, 5, '2019-06-20'),
(13069, 5, 428, 'LIB-Prp', 4, 5, '2019-06-20'),
(13070, 5, 429, 'LIB-Prp', 4, 5, '2019-06-20'),
(13071, 5, 430, 'LIB-Prp', 4, 5, '2019-06-20'),
(13072, 5, 431, 'LIB-Prp', 4, 5, '2019-06-20'),
(13073, 5, 432, 'LIB-Prp', 4, 5, '2019-06-20'),
(13074, 1, 200, 'LIB-Prp', 2, 1, '2019-06-23'),
(13075, 1, 201, 'HS-Sal', 2, 1, '2019-06-23'),
(13076, 1, 202, 'LIB-Prp', 2, 1, '2019-06-23'),
(13077, 1, 203, 'LIB-Prp', 2, 1, '2019-06-23'),
(13078, 1, 204, 'LIB-Prp', 2, 1, '2019-06-23'),
(13079, 1, 205, 'LIB-Prp', 2, 1, '2019-06-23'),
(13080, 1, 206, 'OCC-Sal', 2, 1, '2019-06-23'),
(13081, 1, 207, 'OCC-Sal', 2, 1, '2019-06-23'),
(13082, 1, 208, 'LIB-Prp', 2, 1, '2019-06-23'),
(13083, 1, 209, 'OCC-Sal', 2, 1, '2019-06-23'),
(13084, 1, 210, 'OCC-Sal', 2, 1, '2019-06-23'),
(13085, 1, 211, 'OCC-Sal', 2, 1, '2019-06-23'),
(13086, 1, 212, 'LIB-Prp', 2, 1, '2019-06-23'),
(13087, 1, 213, 'OCC-Sal', 2, 1, '2019-06-23'),
(13088, 1, 214, 'LIB-Sal', 2, 1, '2019-06-23'),
(13089, 1, 215, 'LIB-Sal', 2, 1, '2019-06-23'),
(13090, 1, 216, 'OCC-Sal', 2, 1, '2019-06-23'),
(13091, 1, 217, 'LIB-Prp', 2, 1, '2019-06-23'),
(13092, 1, 218, 'LIB-Prp', 2, 1, '2019-06-23'),
(13093, 3, 301, 'LIB-Sal', 3, 2, '2019-06-23'),
(13094, 3, 302, 'LIB-Sal', 3, 2, '2019-06-23'),
(13095, 3, 303, 'OCC-Sal', 3, 2, '2019-06-23'),
(13096, 3, 304, 'LIB-Prp', 3, 2, '2019-06-23'),
(13097, 3, 305, 'LIB-Prp', 3, 2, '2019-06-23'),
(13098, 3, 306, 'OCC-Sal', 3, 2, '2019-06-23'),
(13099, 3, 307, 'HS-Sal', 3, 2, '2019-06-23'),
(13100, 3, 308, 'OCC-Sal', 3, 2, '2019-06-23'),
(13101, 3, 309, 'LIB-Prp', 3, 2, '2019-06-23'),
(13102, 3, 310, 'LIB-Prp', 3, 2, '2019-06-23'),
(13103, 3, 311, 'LIB-Prp', 3, 2, '2019-06-23'),
(13104, 3, 312, 'LIB-Sal', 3, 2, '2019-06-23'),
(13105, 3, 313, 'OCC-Sal', 3, 2, '2019-06-23'),
(13106, 3, 314, 'OCC-Sal', 3, 2, '2019-06-23'),
(13107, 3, 315, 'HS-Sal', 3, 2, '2019-06-23'),
(13108, 3, 316, 'OCC-Sal', 3, 2, '2019-06-23'),
(13109, 3, 317, 'OCC-Sal', 3, 3, '2019-06-23'),
(13110, 3, 318, 'HS-Sal', 3, 3, '2019-06-23'),
(13111, 3, 319, 'OCC-Sal', 3, 3, '2019-06-23'),
(13112, 3, 320, 'OCC-Sal', 3, 3, '2019-06-23'),
(13113, 3, 321, 'LIB-Sal', 3, 3, '2019-06-23'),
(13114, 3, 322, 'LIB-Sal', 3, 3, '2019-06-23'),
(13115, 3, 323, 'LIB-Prp', 3, 3, '2019-06-23'),
(13116, 3, 324, 'LIB-Prp', 3, 3, '2019-06-23'),
(13117, 3, 325, 'LIB-Sal', 3, 3, '2019-06-23'),
(13118, 3, 326, 'LIB-Prp', 3, 3, '2019-06-23'),
(13119, 3, 327, 'LIB-Prp', 3, 3, '2019-06-23'),
(13120, 3, 328, 'LIB-Prp', 3, 3, '2019-06-23'),
(13121, 3, 329, 'LIB-Prp', 3, 3, '2019-06-23'),
(13122, 3, 330, 'OCC-Prp', 3, 3, '2019-06-23'),
(13123, 3, 331, 'LIB-Prp', 3, 3, '2019-06-23'),
(13124, 3, 332, 'LIB-Sal', 3, 3, '2019-06-23'),
(13125, 5, 401, 'OCC-Sal', 4, 4, '2019-06-23'),
(13126, 5, 402, 'LIB-Sal', 4, 4, '2019-06-23'),
(13127, 5, 403, 'LIB-Sal', 4, 4, '2019-06-23'),
(13128, 5, 404, 'OCC-Sal', 4, 4, '2019-06-23'),
(13129, 5, 405, 'LIB-Prp', 4, 4, '2019-06-23'),
(13130, 5, 406, 'OCC-Sal', 4, 4, '2019-06-23'),
(13131, 5, 407, 'LIB-Sal', 4, 4, '2019-06-23'),
(13132, 5, 408, 'LIB-Sal', 4, 4, '2019-06-23'),
(13133, 5, 409, 'LIB-Prp', 4, 4, '2019-06-23'),
(13134, 5, 410, 'LIB-Prp', 4, 4, '2019-06-23'),
(13135, 5, 411, 'LIB-Prp', 4, 4, '2019-06-23'),
(13136, 5, 412, 'LIB-Prp', 4, 4, '2019-06-23'),
(13137, 5, 413, 'HS-Sal', 4, 4, '2019-06-23'),
(13138, 5, 414, 'LIB-Prp', 4, 4, '2019-06-23'),
(13139, 5, 415, 'LIB-Prp', 4, 4, '2019-06-23'),
(13140, 5, 416, 'OCC-Sal', 4, 4, '2019-06-23'),
(13141, 5, 417, 'LIB-Prp', 4, 5, '2019-06-23'),
(13142, 5, 418, 'OCC-Sal', 4, 5, '2019-06-23'),
(13143, 5, 419, 'OCC-Sal', 4, 5, '2019-06-23'),
(13144, 5, 420, 'OCC-Sal', 4, 5, '2019-06-23'),
(13145, 5, 421, 'OCC-Sal', 4, 5, '2019-06-23'),
(13146, 5, 422, 'OCC-Sal', 4, 5, '2019-06-23'),
(13147, 5, 423, 'LIB-Prp', 4, 5, '2019-06-23'),
(13148, 5, 424, 'LIB-Prp', 4, 5, '2019-06-23'),
(13149, 5, 425, 'LIB-Prp', 4, 5, '2019-06-23'),
(13150, 5, 426, 'LIB-Prp', 4, 5, '2019-06-23'),
(13151, 5, 427, 'LIB-Prp', 4, 5, '2019-06-23'),
(13152, 5, 428, 'LIB-Prp', 4, 5, '2019-06-23'),
(13153, 5, 429, 'LIB-Prp', 4, 5, '2019-06-23'),
(13154, 5, 430, 'LIB-Prp', 4, 5, '2019-06-23'),
(13155, 5, 431, 'LIB-Prp', 4, 5, '2019-06-23'),
(13156, 5, 432, 'LIB-Prp', 4, 5, '2019-06-23'),
(13157, 1, 200, 'LIB-Prp', 2, 1, '2019-06-24'),
(13158, 1, 201, 'HS-Sal', 2, 1, '2019-06-24'),
(13159, 1, 202, 'LIB-Prp', 2, 1, '2019-06-24'),
(13160, 1, 203, 'LIB-Prp', 2, 1, '2019-06-24'),
(13161, 1, 204, 'LIB-Prp', 2, 1, '2019-06-24'),
(13162, 1, 205, 'LIB-Prp', 2, 1, '2019-06-24'),
(13163, 1, 206, 'OCC-Sal', 2, 1, '2019-06-24'),
(13164, 1, 207, 'OCC-Sal', 2, 1, '2019-06-24'),
(13165, 1, 208, 'LIB-Prp', 2, 1, '2019-06-24'),
(13166, 1, 209, 'OCC-Sal', 2, 1, '2019-06-24'),
(13167, 1, 210, 'OCC-Sal', 2, 1, '2019-06-24'),
(13168, 1, 211, 'OCC-Sal', 2, 1, '2019-06-24'),
(13169, 1, 212, 'LIB-Prp', 2, 1, '2019-06-24'),
(13170, 1, 213, 'OCC-Sal', 2, 1, '2019-06-24'),
(13171, 1, 214, 'LIB-Sal', 2, 1, '2019-06-24'),
(13172, 1, 215, 'LIB-Sal', 2, 1, '2019-06-24'),
(13173, 1, 216, 'OCC-Sal', 2, 1, '2019-06-24'),
(13174, 1, 217, 'LIB-Prp', 2, 1, '2019-06-24'),
(13175, 1, 218, 'LIB-Prp', 2, 1, '2019-06-24'),
(13176, 3, 301, 'LIB-Sal', 3, 2, '2019-06-24'),
(13177, 3, 302, 'LIB-Sal', 3, 2, '2019-06-24'),
(13178, 3, 303, 'OCC-Sal', 3, 2, '2019-06-24'),
(13179, 3, 304, 'LIB-Prp', 3, 2, '2019-06-24'),
(13180, 3, 305, 'LIB-Prp', 3, 2, '2019-06-24'),
(13181, 3, 306, 'OCC-Sal', 3, 2, '2019-06-24'),
(13182, 3, 307, 'HS-Sal', 3, 2, '2019-06-24'),
(13183, 3, 308, 'OCC-Sal', 3, 2, '2019-06-24'),
(13184, 3, 309, 'LIB-Prp', 3, 2, '2019-06-24'),
(13185, 3, 310, 'LIB-Prp', 3, 2, '2019-06-24'),
(13186, 3, 311, 'LIB-Prp', 3, 2, '2019-06-24'),
(13187, 3, 312, 'LIB-Sal', 3, 2, '2019-06-24'),
(13188, 3, 313, 'OCC-Sal', 3, 2, '2019-06-24'),
(13189, 3, 314, 'OCC-Sal', 3, 2, '2019-06-24'),
(13190, 3, 315, 'HS-Sal', 3, 2, '2019-06-24'),
(13191, 3, 316, 'OCC-Sal', 3, 2, '2019-06-24'),
(13192, 3, 317, 'OCC-Sal', 3, 3, '2019-06-24'),
(13193, 3, 318, 'HS-Sal', 3, 3, '2019-06-24'),
(13194, 3, 319, 'OCC-Sal', 3, 3, '2019-06-24'),
(13195, 3, 320, 'OCC-Sal', 3, 3, '2019-06-24'),
(13196, 3, 321, 'LIB-Sal', 3, 3, '2019-06-24'),
(13197, 3, 322, 'LIB-Sal', 3, 3, '2019-06-24'),
(13198, 3, 323, 'LIB-Prp', 3, 3, '2019-06-24'),
(13199, 3, 324, 'LIB-Prp', 3, 3, '2019-06-24'),
(13200, 3, 325, 'LIB-Sal', 3, 3, '2019-06-24'),
(13201, 3, 326, 'LIB-Prp', 3, 3, '2019-06-24'),
(13202, 3, 327, 'LIB-Prp', 3, 3, '2019-06-24'),
(13203, 3, 328, 'LIB-Prp', 3, 3, '2019-06-24'),
(13204, 3, 329, 'LIB-Prp', 3, 3, '2019-06-24'),
(13205, 3, 330, 'OCC-Prp', 3, 3, '2019-06-24'),
(13206, 3, 331, 'LIB-Prp', 3, 3, '2019-06-24'),
(13207, 3, 332, 'LIB-Sal', 3, 3, '2019-06-24'),
(13208, 5, 401, 'OCC-Sal', 4, 4, '2019-06-24'),
(13209, 5, 402, 'LIB-Sal', 4, 4, '2019-06-24'),
(13210, 5, 403, 'LIB-Sal', 4, 4, '2019-06-24'),
(13211, 5, 404, 'OCC-Sal', 4, 4, '2019-06-24'),
(13212, 5, 405, 'LIB-Prp', 4, 4, '2019-06-24'),
(13213, 5, 406, 'OCC-Sal', 4, 4, '2019-06-24'),
(13214, 5, 407, 'LIB-Sal', 4, 4, '2019-06-24'),
(13215, 5, 408, 'LIB-Sal', 4, 4, '2019-06-24'),
(13216, 5, 409, 'LIB-Prp', 4, 4, '2019-06-24'),
(13217, 5, 410, 'LIB-Prp', 4, 4, '2019-06-24'),
(13218, 5, 411, 'LIB-Prp', 4, 4, '2019-06-24'),
(13219, 5, 412, 'LIB-Prp', 4, 4, '2019-06-24'),
(13220, 5, 413, 'HS-Sal', 4, 4, '2019-06-24'),
(13221, 5, 414, 'LIB-Prp', 4, 4, '2019-06-24'),
(13222, 5, 415, 'LIB-Prp', 4, 4, '2019-06-24'),
(13223, 5, 416, 'OCC-Sal', 4, 4, '2019-06-24'),
(13224, 5, 417, 'LIB-Prp', 4, 5, '2019-06-24'),
(13225, 5, 418, 'OCC-Sal', 4, 5, '2019-06-24'),
(13226, 5, 419, 'OCC-Sal', 4, 5, '2019-06-24'),
(13227, 5, 420, 'OCC-Sal', 4, 5, '2019-06-24'),
(13228, 5, 421, 'OCC-Sal', 4, 5, '2019-06-24'),
(13229, 5, 422, 'OCC-Sal', 4, 5, '2019-06-24'),
(13230, 5, 423, 'LIB-Prp', 4, 5, '2019-06-24'),
(13231, 5, 424, 'LIB-Prp', 4, 5, '2019-06-24'),
(13232, 5, 425, 'LIB-Prp', 4, 5, '2019-06-24'),
(13233, 5, 426, 'LIB-Prp', 4, 5, '2019-06-24'),
(13234, 5, 427, 'LIB-Prp', 4, 5, '2019-06-24'),
(13235, 5, 428, 'LIB-Prp', 4, 5, '2019-06-24'),
(13236, 5, 429, 'LIB-Prp', 4, 5, '2019-06-24'),
(13237, 5, 430, 'LIB-Prp', 4, 5, '2019-06-24'),
(13238, 5, 431, 'LIB-Prp', 4, 5, '2019-06-24'),
(13239, 5, 432, 'LIB-Prp', 4, 5, '2019-06-24'),
(13240, 1, 200, 'LIB-Prp', 2, 1, '2019-06-26'),
(13241, 1, 201, 'HS-Sal', 2, 1, '2019-06-26'),
(13242, 1, 202, 'LIB-Prp', 2, 1, '2019-06-26');
INSERT INTO `chambresaffectees` (`id`, `id_FM`, `room_num`, `etat`, `etage`, `secteur`, `date_created`) VALUES
(13243, 1, 203, 'LIB-Prp', 2, 1, '2019-06-26'),
(13244, 1, 204, 'LIB-Prp', 2, 1, '2019-06-26'),
(13245, 1, 205, 'LIB-Prp', 2, 1, '2019-06-26'),
(13246, 1, 206, 'OCC-Sal', 2, 1, '2019-06-26'),
(13247, 1, 207, 'OCC-Sal', 2, 1, '2019-06-26'),
(13248, 1, 208, 'LIB-Prp', 2, 1, '2019-06-26'),
(13249, 1, 209, 'OCC-Sal', 2, 1, '2019-06-26'),
(13250, 1, 210, 'OCC-Sal', 2, 1, '2019-06-26'),
(13251, 1, 211, 'OCC-Sal', 2, 1, '2019-06-26'),
(13252, 1, 212, 'LIB-Prp', 2, 1, '2019-06-26'),
(13253, 1, 213, 'OCC-Sal', 2, 1, '2019-06-26'),
(13254, 1, 214, 'LIB-Sal', 2, 1, '2019-06-26'),
(13255, 1, 215, 'LIB-Sal', 2, 1, '2019-06-26'),
(13256, 1, 216, 'OCC-Sal', 2, 1, '2019-06-26'),
(13257, 1, 217, 'LIB-Prp', 2, 1, '2019-06-26'),
(13258, 1, 218, 'LIB-Prp', 2, 1, '2019-06-26'),
(13259, 3, 301, 'LIB-Sal', 3, 2, '2019-06-26'),
(13260, 3, 302, 'LIB-Sal', 3, 2, '2019-06-26'),
(13261, 3, 303, 'OCC-Sal', 3, 2, '2019-06-26'),
(13262, 3, 304, 'LIB-Prp', 3, 2, '2019-06-26'),
(13263, 3, 305, 'LIB-Prp', 3, 2, '2019-06-26'),
(13264, 3, 306, 'OCC-Sal', 3, 2, '2019-06-26'),
(13265, 3, 307, 'HS-Sal', 3, 2, '2019-06-26'),
(13266, 3, 308, 'OCC-Sal', 3, 2, '2019-06-26'),
(13267, 3, 309, 'LIB-Prp', 3, 2, '2019-06-26'),
(13268, 3, 310, 'LIB-Prp', 3, 2, '2019-06-26'),
(13269, 3, 311, 'LIB-Prp', 3, 2, '2019-06-26'),
(13270, 3, 312, 'LIB-Sal', 3, 2, '2019-06-26'),
(13271, 3, 313, 'OCC-Sal', 3, 2, '2019-06-26'),
(13272, 3, 314, 'OCC-Sal', 3, 2, '2019-06-26'),
(13273, 3, 315, 'HS-Sal', 3, 2, '2019-06-26'),
(13274, 3, 316, 'OCC-Sal', 3, 2, '2019-06-26'),
(13275, 3, 317, 'OCC-Sal', 3, 3, '2019-06-26'),
(13276, 3, 318, 'HS-Sal', 3, 3, '2019-06-26'),
(13277, 3, 319, 'OCC-Sal', 3, 3, '2019-06-26'),
(13278, 3, 320, 'OCC-Sal', 3, 3, '2019-06-26'),
(13279, 3, 321, 'LIB-Sal', 3, 3, '2019-06-26'),
(13280, 3, 322, 'LIB-Sal', 3, 3, '2019-06-26'),
(13281, 3, 323, 'LIB-Prp', 3, 3, '2019-06-26'),
(13282, 3, 324, 'LIB-Prp', 3, 3, '2019-06-26'),
(13283, 3, 325, 'LIB-Sal', 3, 3, '2019-06-26'),
(13284, 3, 326, 'LIB-Prp', 3, 3, '2019-06-26'),
(13285, 3, 327, 'LIB-Prp', 3, 3, '2019-06-26'),
(13286, 3, 328, 'LIB-Prp', 3, 3, '2019-06-26'),
(13287, 3, 329, 'LIB-Prp', 3, 3, '2019-06-26'),
(13288, 3, 330, 'OCC-Prp', 3, 3, '2019-06-26'),
(13289, 3, 331, 'LIB-Prp', 3, 3, '2019-06-26'),
(13290, 3, 332, 'LIB-Sal', 3, 3, '2019-06-26'),
(13291, 5, 401, 'OCC-Sal', 4, 4, '2019-06-26'),
(13292, 5, 402, 'LIB-Sal', 4, 4, '2019-06-26'),
(13293, 5, 403, 'LIB-Sal', 4, 4, '2019-06-26'),
(13294, 5, 404, 'OCC-Sal', 4, 4, '2019-06-26'),
(13295, 5, 405, 'LIB-Prp', 4, 4, '2019-06-26'),
(13296, 5, 406, 'OCC-Sal', 4, 4, '2019-06-26'),
(13297, 5, 407, 'LIB-Sal', 4, 4, '2019-06-26'),
(13298, 5, 408, 'LIB-Sal', 4, 4, '2019-06-26'),
(13299, 5, 409, 'LIB-Prp', 4, 4, '2019-06-26'),
(13300, 5, 410, 'LIB-Prp', 4, 4, '2019-06-26'),
(13301, 5, 411, 'LIB-Prp', 4, 4, '2019-06-26'),
(13302, 5, 412, 'LIB-Prp', 4, 4, '2019-06-26'),
(13303, 5, 413, 'HS-Sal', 4, 4, '2019-06-26'),
(13304, 5, 414, 'LIB-Prp', 4, 4, '2019-06-26'),
(13305, 5, 415, 'LIB-Prp', 4, 4, '2019-06-26'),
(13306, 5, 416, 'OCC-Sal', 4, 4, '2019-06-26'),
(13307, 5, 417, 'LIB-Prp', 4, 5, '2019-06-26'),
(13308, 5, 418, 'OCC-Sal', 4, 5, '2019-06-26'),
(13309, 5, 419, 'OCC-Sal', 4, 5, '2019-06-26'),
(13310, 5, 420, 'OCC-Sal', 4, 5, '2019-06-26'),
(13311, 5, 421, 'OCC-Sal', 4, 5, '2019-06-26'),
(13312, 5, 422, 'OCC-Sal', 4, 5, '2019-06-26'),
(13313, 5, 423, 'LIB-Prp', 4, 5, '2019-06-26'),
(13314, 5, 424, 'LIB-Prp', 4, 5, '2019-06-26'),
(13315, 5, 425, 'LIB-Prp', 4, 5, '2019-06-26'),
(13316, 5, 426, 'LIB-Prp', 4, 5, '2019-06-26'),
(13317, 5, 427, 'LIB-Prp', 4, 5, '2019-06-26'),
(13318, 5, 428, 'LIB-Prp', 4, 5, '2019-06-26'),
(13319, 5, 429, 'LIB-Prp', 4, 5, '2019-06-26'),
(13320, 5, 430, 'LIB-Prp', 4, 5, '2019-06-26'),
(13321, 5, 431, 'LIB-Prp', 4, 5, '2019-06-26'),
(13322, 5, 432, 'LIB-Prp', 4, 5, '2019-06-26'),
(13521, 1, 200, 'HS-Sal', 2, 1, '2019-06-28'),
(13522, 1, 201, 'HS-Sal', 2, 1, '2019-06-28'),
(13523, 1, 202, 'HS-Sal', 2, 1, '2019-06-28'),
(13524, 1, 203, 'HS-Sal', 2, 1, '2019-06-28'),
(13525, 1, 204, 'HS-Sal', 2, 1, '2019-06-28'),
(13526, 1, 205, 'LIB-Prp', 2, 1, '2019-06-28'),
(13527, 1, 206, 'OCC-Sal', 2, 1, '2019-06-28'),
(13528, 1, 207, 'OCC-Sal', 2, 1, '2019-06-28'),
(13529, 1, 208, 'LIB-Prp', 2, 1, '2019-06-28'),
(13530, 1, 209, 'OCC-Sal', 2, 1, '2019-06-28'),
(13531, 1, 210, 'OCC-Sal', 2, 1, '2019-06-28'),
(13532, 1, 211, 'OCC-Sal', 2, 1, '2019-06-28'),
(13533, 1, 212, 'LIB-Prp', 2, 1, '2019-06-28'),
(13534, 1, 213, 'OCC-Sal', 2, 1, '2019-06-28'),
(13535, 1, 214, 'LIB-Sal', 2, 1, '2019-06-28'),
(13536, 1, 215, 'LIB-Sal', 2, 1, '2019-06-28'),
(13537, 1, 216, 'OCC-Sal', 2, 1, '2019-06-28'),
(13538, 1, 217, 'LIB-Prp', 2, 1, '2019-06-28'),
(13539, 1, 218, 'LIB-Prp', 2, 1, '2019-06-28'),
(13540, 3, 301, 'LIB-Sal', 3, 2, '2019-06-28'),
(13541, 3, 302, 'LIB-Sal', 3, 2, '2019-06-28'),
(13542, 3, 303, 'OCC-Sal', 3, 2, '2019-06-28'),
(13543, 3, 304, 'LIB-Prp', 3, 2, '2019-06-28'),
(13544, 3, 305, 'LIB-Prp', 3, 2, '2019-06-28'),
(13545, 3, 306, 'OCC-Sal', 3, 2, '2019-06-28'),
(13546, 3, 307, 'HS-Sal', 3, 2, '2019-06-28'),
(13547, 3, 308, 'OCC-Sal', 3, 2, '2019-06-28'),
(13548, 3, 309, 'LIB-Prp', 3, 2, '2019-06-28'),
(13549, 3, 310, 'HS-Sal', 3, 2, '2019-06-28'),
(13550, 3, 311, 'HS-Sal', 3, 2, '2019-06-28'),
(13551, 3, 312, 'LIB-Sal', 3, 2, '2019-06-28'),
(13552, 3, 313, 'OCC-Sal', 3, 2, '2019-06-28'),
(13553, 3, 314, 'OCC-Sal', 3, 2, '2019-06-28'),
(13554, 3, 315, 'HS-Sal', 3, 2, '2019-06-28'),
(13555, 3, 316, 'OCC-Sal', 3, 2, '2019-06-28'),
(13556, 3, 317, 'OCC-Sal', 3, 3, '2019-06-28'),
(13557, 3, 318, 'HS-Sal', 3, 3, '2019-06-28'),
(13558, 3, 319, 'OCC-Sal', 3, 3, '2019-06-28'),
(13559, 3, 320, 'OCC-Sal', 3, 3, '2019-06-28'),
(13560, 3, 321, 'LIB-Sal', 3, 3, '2019-06-28'),
(13561, 3, 322, 'LIB-Sal', 3, 3, '2019-06-28'),
(13562, 3, 323, 'LIB-Prp', 3, 3, '2019-06-28'),
(13563, 3, 324, 'LIB-Prp', 3, 3, '2019-06-28'),
(13564, 3, 325, 'LIB-Sal', 3, 3, '2019-06-28'),
(13565, 3, 326, 'LIB-Prp', 3, 3, '2019-06-28'),
(13566, 3, 327, 'LIB-Prp', 3, 3, '2019-06-28'),
(13567, 3, 328, 'LIB-Prp', 3, 3, '2019-06-28'),
(13568, 3, 329, 'LIB-Prp', 3, 3, '2019-06-28'),
(13569, 3, 330, 'OCC-Prp', 3, 3, '2019-06-28'),
(13570, 3, 331, 'LIB-Prp', 3, 3, '2019-06-28'),
(13571, 3, 332, 'LIB-Sal', 3, 3, '2019-06-28'),
(13572, 5, 401, 'OCC-Sal', 4, 4, '2019-06-28'),
(13573, 5, 402, 'LIB-Sal', 4, 4, '2019-06-28'),
(13574, 5, 403, 'LIB-Sal', 4, 4, '2019-06-28'),
(13575, 5, 404, 'OCC-Sal', 4, 4, '2019-06-28'),
(13576, 5, 405, 'LIB-Prp', 4, 4, '2019-06-28'),
(13577, 5, 406, 'OCC-Sal', 4, 4, '2019-06-28'),
(13578, 5, 407, 'LIB-Sal', 4, 4, '2019-06-28'),
(13579, 5, 408, 'LIB-Sal', 4, 4, '2019-06-28'),
(13580, 5, 409, 'LIB-Prp', 4, 4, '2019-06-28'),
(13581, 5, 410, 'LIB-Prp', 4, 4, '2019-06-28'),
(13582, 5, 411, 'LIB-Prp', 4, 4, '2019-06-28'),
(13583, 5, 412, 'LIB-Prp', 4, 4, '2019-06-28'),
(13584, 5, 413, 'HS-Sal', 4, 4, '2019-06-28'),
(13585, 5, 414, 'LIB-Prp', 4, 4, '2019-06-28'),
(13586, 5, 415, 'LIB-Prp', 4, 4, '2019-06-28'),
(13587, 5, 416, 'OCC-Sal', 4, 4, '2019-06-28'),
(13588, 5, 417, 'LIB-Prp', 4, 5, '2019-06-28'),
(13589, 5, 418, 'OCC-Sal', 4, 5, '2019-06-28'),
(13590, 5, 419, 'OCC-Sal', 4, 5, '2019-06-28'),
(13591, 5, 420, 'OCC-Sal', 4, 5, '2019-06-28'),
(13592, 5, 421, 'OCC-Sal', 4, 5, '2019-06-28'),
(13593, 5, 422, 'OCC-Sal', 4, 5, '2019-06-28'),
(13594, 5, 423, 'LIB-Prp', 4, 5, '2019-06-28'),
(13595, 5, 424, 'LIB-Prp', 4, 5, '2019-06-28'),
(13596, 5, 425, 'LIB-Prp', 4, 5, '2019-06-28'),
(13597, 5, 426, 'LIB-Prp', 4, 5, '2019-06-28'),
(13598, 5, 427, 'LIB-Prp', 4, 5, '2019-06-28'),
(13599, 5, 428, 'LIB-Prp', 4, 5, '2019-06-28'),
(13600, 5, 429, 'LIB-Prp', 4, 5, '2019-06-28'),
(13601, 5, 430, 'LIB-Prp', 4, 5, '2019-06-28'),
(13602, 5, 431, 'LIB-Prp', 4, 5, '2019-06-28'),
(13603, 5, 432, 'LIB-Prp', 4, 5, '2019-06-28'),
(16540, 1, 200, 'HS-Sal', 2, 1, '2019-06-30'),
(16541, 1, 201, 'HS-Sal', 2, 1, '2019-06-30'),
(16542, 1, 202, 'HS-Sal', 2, 1, '2019-06-30'),
(16543, 1, 203, 'HS-Sal', 2, 1, '2019-06-30'),
(16544, 1, 204, 'LIB-Prp', 2, 1, '2019-06-30'),
(16545, 1, 205, 'LIB-Prp', 2, 1, '2019-06-30'),
(16546, 1, 206, 'OCC-Sal', 2, 1, '2019-06-30'),
(16547, 1, 207, 'OCC-Sal', 2, 1, '2019-06-30'),
(16548, 1, 208, 'LIB-Prp', 2, 1, '2019-06-30'),
(16549, 1, 209, 'OCC-Sal', 2, 1, '2019-06-30'),
(16550, 1, 210, 'OCC-Sal', 2, 1, '2019-06-30'),
(16551, 1, 211, 'OCC-Sal', 2, 1, '2019-06-30'),
(16552, 1, 212, 'LIB-Prp', 2, 1, '2019-06-30'),
(16553, 1, 213, 'OCC-Sal', 2, 1, '2019-06-30'),
(16554, 1, 214, 'LIB-Sal', 2, 1, '2019-06-30'),
(16555, 1, 215, 'LIB-Sal', 2, 1, '2019-06-30'),
(16556, 1, 216, 'OCC-Sal', 2, 1, '2019-06-30'),
(16557, 1, 217, 'LIB-Prp', 2, 1, '2019-06-30'),
(16558, 1, 218, 'LIB-Prp', 2, 1, '2019-06-30'),
(16559, 3, 317, 'OCC-Sal', 3, 3, '2019-06-30'),
(16560, 3, 318, 'HS-Sal', 3, 3, '2019-06-30'),
(16561, 3, 319, 'OCC-Sal', 3, 3, '2019-06-30'),
(16562, 3, 320, 'OCC-Sal', 3, 3, '2019-06-30'),
(16563, 3, 321, 'LIB-Sal', 3, 3, '2019-06-30'),
(16564, 3, 322, 'LIB-Sal', 3, 3, '2019-06-30'),
(16565, 3, 323, 'LIB-Prp', 3, 3, '2019-06-30'),
(16566, 3, 324, 'LIB-Prp', 3, 3, '2019-06-30'),
(16567, 3, 325, 'LIB-Sal', 3, 3, '2019-06-30'),
(16568, 3, 326, 'LIB-Prp', 3, 3, '2019-06-30'),
(16569, 3, 327, 'LIB-Prp', 3, 3, '2019-06-30'),
(16570, 3, 328, 'LIB-Prp', 3, 3, '2019-06-30'),
(16571, 3, 329, 'LIB-Prp', 3, 3, '2019-06-30'),
(16572, 3, 330, 'OCC-Prp', 3, 3, '2019-06-30'),
(16573, 3, 331, 'LIB-Prp', 3, 3, '2019-06-30'),
(16574, 3, 332, 'LIB-Sal', 3, 3, '2019-06-30'),
(16575, 5, 417, 'LIB-Prp', 4, 5, '2019-06-30'),
(16576, 5, 418, 'OCC-Sal', 4, 5, '2019-06-30'),
(16577, 5, 419, 'OCC-Sal', 4, 5, '2019-06-30'),
(16578, 5, 420, 'OCC-Sal', 4, 5, '2019-06-30'),
(16579, 5, 421, 'OCC-Sal', 4, 5, '2019-06-30'),
(16580, 5, 422, 'OCC-Sal', 4, 5, '2019-06-30'),
(16581, 5, 423, 'LIB-Prp', 4, 5, '2019-06-30'),
(16582, 5, 424, 'LIB-Prp', 4, 5, '2019-06-30'),
(16583, 5, 425, 'LIB-Prp', 4, 5, '2019-06-30'),
(16584, 5, 426, 'LIB-Prp', 4, 5, '2019-06-30'),
(16585, 5, 427, 'LIB-Prp', 4, 5, '2019-06-30'),
(16586, 5, 428, 'LIB-Prp', 4, 5, '2019-06-30'),
(16587, 5, 429, 'LIB-Prp', 4, 5, '2019-06-30'),
(16588, 5, 430, 'LIB-Prp', 4, 5, '2019-06-30'),
(16589, 5, 431, 'LIB-Prp', 4, 5, '2019-06-30'),
(16590, 5, 432, 'LIB-Prp', 4, 5, '2019-06-30'),
(16709, 1, 200, 'LIB-Prp', 2, 1, '2019-07-01'),
(16710, 1, 201, 'LIB-Sal', 2, 1, '2019-07-01'),
(16711, 1, 202, 'LIB-Sal', 2, 1, '2019-07-01'),
(16712, 1, 203, 'LIB-Sal', 2, 1, '2019-07-01'),
(16713, 1, 204, 'LIB-Prp', 2, 1, '2019-07-01'),
(16714, 1, 205, 'LIB-Prp', 2, 1, '2019-07-01'),
(16715, 1, 206, 'OCC-Prp', 2, 1, '2019-07-01'),
(16716, 1, 207, 'OCC-Sal', 2, 1, '2019-07-01'),
(16717, 1, 208, 'LIB-Prp', 2, 1, '2019-07-01'),
(16718, 1, 209, 'OCC-Sal', 2, 1, '2019-07-01'),
(16719, 1, 210, 'OCC-Sal', 2, 1, '2019-07-01'),
(16720, 1, 211, 'OCC-Sal', 2, 1, '2019-07-01'),
(16721, 1, 212, 'LIB-Prp', 2, 1, '2019-07-01'),
(16722, 1, 213, 'OCC-Sal', 2, 1, '2019-07-01'),
(16723, 1, 214, 'LIB-Sal', 2, 1, '2019-07-01'),
(16724, 1, 215, 'LIB-Prp', 2, 1, '2019-07-01'),
(16725, 1, 216, 'OCC-Sal', 2, 1, '2019-07-01'),
(16726, 1, 217, 'LIB-Prp', 2, 1, '2019-07-01'),
(16727, 1, 218, 'LIB-Prp', 2, 1, '2019-07-01'),
(16728, 3, 317, 'OCC-Prp', 3, 3, '2019-07-01'),
(16729, 3, 318, 'HS-Sal', 3, 3, '2019-07-01'),
(16730, 3, 319, 'OCC-Sal', 3, 3, '2019-07-01'),
(16731, 3, 320, 'OCC-Sal', 3, 3, '2019-07-01'),
(16732, 3, 321, 'LIB-Sal', 3, 3, '2019-07-01'),
(16733, 3, 322, 'LIB-Sal', 3, 3, '2019-07-01'),
(16734, 3, 323, 'LIB-Prp', 3, 3, '2019-07-01'),
(16735, 3, 324, 'LIB-Sal', 3, 3, '2019-07-01'),
(16736, 3, 325, 'LIB-Sal', 3, 3, '2019-07-01'),
(16737, 3, 326, 'LIB-Prp', 3, 3, '2019-07-01'),
(16738, 3, 327, 'LIB-Prp', 3, 3, '2019-07-01'),
(16739, 3, 328, 'LIB-Prp', 3, 3, '2019-07-01'),
(16740, 3, 329, 'LIB-Prp', 3, 3, '2019-07-01'),
(16741, 3, 330, 'OCC-Prp', 3, 3, '2019-07-01'),
(16742, 3, 331, 'LIB-Prp', 3, 3, '2019-07-01'),
(16743, 3, 332, 'LIB-Sal', 3, 3, '2019-07-01'),
(16744, 5, 417, 'LIB-Prp', 4, 5, '2019-07-01'),
(16745, 5, 418, 'OCC-Sal', 4, 5, '2019-07-01'),
(16746, 5, 419, 'OCC-Sal', 4, 5, '2019-07-01'),
(16747, 5, 420, 'OCC-Sal', 4, 5, '2019-07-01'),
(16748, 5, 421, 'OCC-Sal', 4, 5, '2019-07-01'),
(16749, 5, 422, 'OCC-Sal', 4, 5, '2019-07-01'),
(16750, 5, 423, 'LIB-Prp', 4, 5, '2019-07-01'),
(16751, 5, 424, 'LIB-Prp', 4, 5, '2019-07-01'),
(16752, 5, 425, 'LIB-Prp', 4, 5, '2019-07-01'),
(16753, 5, 426, 'LIB-Prp', 4, 5, '2019-07-01'),
(16754, 5, 427, 'LIB-Prp', 4, 5, '2019-07-01'),
(16755, 5, 428, 'LIB-Prp', 4, 5, '2019-07-01'),
(16756, 5, 429, 'LIB-Prp', 4, 5, '2019-07-01'),
(16757, 5, 430, 'LIB-Prp', 4, 5, '2019-07-01'),
(16758, 5, 431, 'LIB-Prp', 4, 5, '2019-07-01'),
(16759, 5, 432, 'LIB-Prp', 4, 5, '2019-07-01'),
(16760, 1, 200, 'LIB-Prp', 2, 1, '2019-07-04'),
(16761, 1, 201, 'LIB-Sal', 2, 1, '2019-07-04'),
(16762, 1, 202, 'LIB-Sal', 2, 1, '2019-07-04'),
(16763, 1, 203, 'LIB-Sal', 2, 1, '2019-07-04'),
(16764, 1, 204, 'LIB-Prp', 2, 1, '2019-07-04'),
(16765, 1, 205, 'LIB-Prp', 2, 1, '2019-07-04'),
(16766, 1, 206, 'OCC-Prp', 2, 1, '2019-07-04'),
(16767, 1, 207, 'OCC-Sal', 2, 1, '2019-07-04'),
(16768, 1, 208, 'LIB-Prp', 2, 1, '2019-07-04'),
(16769, 1, 209, 'OCC-Sal', 2, 1, '2019-07-04'),
(16770, 1, 210, 'OCC-Sal', 2, 1, '2019-07-04'),
(16771, 1, 211, 'OCC-Sal', 2, 1, '2019-07-04'),
(16772, 1, 212, 'LIB-Prp', 2, 1, '2019-07-04'),
(16773, 1, 213, 'OCC-Sal', 2, 1, '2019-07-04'),
(16774, 1, 214, 'LIB-Sal', 2, 1, '2019-07-04'),
(16775, 1, 215, 'LIB-Prp', 2, 1, '2019-07-04'),
(16776, 1, 216, 'OCC-Sal', 2, 1, '2019-07-04'),
(16777, 1, 217, 'LIB-Prp', 2, 1, '2019-07-04'),
(16778, 1, 218, 'LIB-Prp', 2, 1, '2019-07-04'),
(16779, 3, 317, 'OCC-Prp', 3, 3, '2019-07-04'),
(16780, 3, 318, 'HS-Sal', 3, 3, '2019-07-04'),
(16781, 3, 319, 'OCC-Sal', 3, 3, '2019-07-04'),
(16782, 3, 320, 'OCC-Sal', 3, 3, '2019-07-04'),
(16783, 3, 321, 'LIB-Sal', 3, 3, '2019-07-04'),
(16784, 3, 322, 'LIB-Sal', 3, 3, '2019-07-04'),
(16785, 3, 323, 'LIB-Prp', 3, 3, '2019-07-04'),
(16786, 3, 324, 'LIB-Sal', 3, 3, '2019-07-04'),
(16787, 3, 325, 'LIB-Sal', 3, 3, '2019-07-04'),
(16788, 3, 326, 'LIB-Prp', 3, 3, '2019-07-04'),
(16789, 3, 327, 'LIB-Prp', 3, 3, '2019-07-04'),
(16790, 3, 328, 'LIB-Prp', 3, 3, '2019-07-04'),
(16791, 3, 329, 'LIB-Prp', 3, 3, '2019-07-04'),
(16792, 3, 330, 'OCC-Prp', 3, 3, '2019-07-04'),
(16793, 3, 331, 'LIB-Prp', 3, 3, '2019-07-04'),
(16794, 3, 332, 'LIB-Sal', 3, 3, '2019-07-04'),
(16795, 5, 417, 'LIB-Prp', 4, 5, '2019-07-04'),
(16796, 5, 418, 'OCC-Sal', 4, 5, '2019-07-04'),
(16797, 5, 419, 'OCC-Sal', 4, 5, '2019-07-04'),
(16798, 5, 420, 'OCC-Sal', 4, 5, '2019-07-04'),
(16799, 5, 421, 'OCC-Sal', 4, 5, '2019-07-04'),
(16800, 5, 422, 'OCC-Sal', 4, 5, '2019-07-04'),
(16801, 5, 423, 'LIB-Prp', 4, 5, '2019-07-04'),
(16802, 5, 424, 'LIB-Prp', 4, 5, '2019-07-04'),
(16803, 5, 425, 'LIB-Prp', 4, 5, '2019-07-04'),
(16804, 5, 426, 'LIB-Prp', 4, 5, '2019-07-04'),
(16805, 5, 427, 'LIB-Prp', 4, 5, '2019-07-04'),
(16806, 5, 428, 'LIB-Prp', 4, 5, '2019-07-04'),
(16807, 5, 429, 'LIB-Prp', 4, 5, '2019-07-04'),
(16808, 5, 430, 'LIB-Prp', 4, 5, '2019-07-04'),
(16809, 5, 431, 'LIB-Prp', 4, 5, '2019-07-04'),
(16810, 5, 432, 'LIB-Prp', 4, 5, '2019-07-04'),
(16811, 1, 200, 'LIB-Prp', 2, 1, '2019-07-05'),
(16812, 1, 201, 'LIB-Sal', 2, 1, '2019-07-05'),
(16813, 1, 202, 'LIB-Sal', 2, 1, '2019-07-05'),
(16814, 1, 203, 'LIB-Sal', 2, 1, '2019-07-05'),
(16815, 1, 204, 'LIB-Prp', 2, 1, '2019-07-05'),
(16816, 1, 205, 'LIB-Prp', 2, 1, '2019-07-05'),
(16817, 1, 206, 'OCC-Prp', 2, 1, '2019-07-05'),
(16818, 1, 207, 'OCC-Sal', 2, 1, '2019-07-05'),
(16819, 1, 208, 'LIB-Prp', 2, 1, '2019-07-05'),
(16820, 1, 209, 'OCC-Sal', 2, 1, '2019-07-05'),
(16821, 1, 210, 'OCC-Sal', 2, 1, '2019-07-05'),
(16822, 1, 211, 'OCC-Sal', 2, 1, '2019-07-05'),
(16823, 1, 212, 'LIB-Prp', 2, 1, '2019-07-05'),
(16824, 1, 213, 'OCC-Sal', 2, 1, '2019-07-05'),
(16825, 1, 214, 'LIB-Sal', 2, 1, '2019-07-05'),
(16826, 1, 215, 'LIB-Prp', 2, 1, '2019-07-05'),
(16827, 1, 216, 'OCC-Sal', 2, 1, '2019-07-05'),
(16828, 1, 217, 'LIB-Prp', 2, 1, '2019-07-05'),
(16829, 1, 218, 'LIB-Prp', 2, 1, '2019-07-05'),
(16830, 3, 317, 'OCC-Prp', 3, 3, '2019-07-05'),
(16831, 3, 318, 'HS-Sal', 3, 3, '2019-07-05'),
(16832, 3, 319, 'OCC-Sal', 3, 3, '2019-07-05'),
(16833, 3, 320, 'OCC-Sal', 3, 3, '2019-07-05'),
(16834, 3, 321, 'LIB-Sal', 3, 3, '2019-07-05'),
(16835, 3, 322, 'LIB-Sal', 3, 3, '2019-07-05'),
(16836, 3, 323, 'LIB-Prp', 3, 3, '2019-07-05'),
(16837, 3, 324, 'LIB-Sal', 3, 3, '2019-07-05'),
(16838, 3, 325, 'LIB-Sal', 3, 3, '2019-07-05'),
(16839, 3, 326, 'LIB-Prp', 3, 3, '2019-07-05'),
(16840, 3, 327, 'LIB-Prp', 3, 3, '2019-07-05'),
(16841, 3, 328, 'LIB-Prp', 3, 3, '2019-07-05'),
(16842, 3, 329, 'LIB-Prp', 3, 3, '2019-07-05'),
(16843, 3, 330, 'OCC-Prp', 3, 3, '2019-07-05'),
(16844, 3, 331, 'LIB-Prp', 3, 3, '2019-07-05'),
(16845, 3, 332, 'LIB-Sal', 3, 3, '2019-07-05'),
(16846, 5, 417, 'LIB-Prp', 4, 5, '2019-07-05'),
(16847, 5, 418, 'OCC-Sal', 4, 5, '2019-07-05'),
(16848, 5, 419, 'OCC-Sal', 4, 5, '2019-07-05'),
(16849, 5, 420, 'OCC-Sal', 4, 5, '2019-07-05'),
(16850, 5, 421, 'OCC-Sal', 4, 5, '2019-07-05'),
(16851, 5, 422, 'OCC-Sal', 4, 5, '2019-07-05'),
(16852, 5, 423, 'LIB-Prp', 4, 5, '2019-07-05'),
(16853, 5, 424, 'LIB-Prp', 4, 5, '2019-07-05'),
(16854, 5, 425, 'LIB-Prp', 4, 5, '2019-07-05'),
(16855, 5, 426, 'LIB-Prp', 4, 5, '2019-07-05'),
(16856, 5, 427, 'LIB-Prp', 4, 5, '2019-07-05'),
(16857, 5, 428, 'LIB-Prp', 4, 5, '2019-07-05'),
(16858, 5, 429, 'LIB-Prp', 4, 5, '2019-07-05'),
(16859, 5, 430, 'LIB-Prp', 4, 5, '2019-07-05'),
(16860, 5, 431, 'LIB-Prp', 4, 5, '2019-07-05'),
(16861, 5, 432, 'LIB-Prp', 4, 5, '2019-07-05'),
(17436, 1, 201, 'LIB-Sal', 2, 1, '2019-07-06'),
(17437, 1, 208, 'LIB-Prp', 2, 1, '2019-07-06'),
(17438, 1, 209, 'OCC-Sal', 2, 1, '2019-07-06'),
(17439, 1, 210, 'OCC-Sal', 2, 1, '2019-07-06'),
(17440, 1, 204, 'LIB-Prp', 2, 1, '2019-07-06'),
(17441, 1, 211, 'OCC-Sal', 2, 1, '2019-07-06'),
(17442, 1, 212, 'LIB-Prp', 2, 1, '2019-07-06'),
(17443, 1, 213, 'OCC-Sal', 2, 1, '2019-07-06'),
(17444, 1, 206, 'OCC-Prp', 2, 1, '2019-07-06'),
(17445, 1, 205, 'LIB-Prp', 2, 1, '2019-07-06'),
(17446, 1, 214, 'LIB-Sal', 2, 1, '2019-07-06'),
(17447, 1, 207, 'OCC-Sal', 2, 1, '2019-07-06'),
(17448, 1, 203, 'LIB-Sal', 2, 1, '2019-07-06'),
(17449, 1, 215, 'LIB-Prp', 2, 1, '2019-07-06'),
(17450, 1, 216, 'OCC-Sal', 2, 1, '2019-07-06'),
(17451, 1, 217, 'LIB-Prp', 2, 1, '2019-07-06'),
(17452, 1, 202, 'LIB-Sal', 2, 1, '2019-07-06'),
(17453, 1, 218, 'LIB-Prp', 2, 1, '2019-07-06'),
(17454, 3, 317, 'OCC-Prp', 3, 3, '2019-07-06'),
(17455, 3, 318, 'HS-Sal', 3, 3, '2019-07-06'),
(17456, 3, 319, 'OCC-Sal', 3, 3, '2019-07-06'),
(17457, 3, 320, 'OCC-Sal', 3, 3, '2019-07-06'),
(17458, 3, 321, 'LIB-Sal', 3, 3, '2019-07-06'),
(17459, 3, 322, 'LIB-Sal', 3, 3, '2019-07-06'),
(17460, 3, 323, 'LIB-Prp', 3, 3, '2019-07-06'),
(17461, 3, 324, 'LIB-Sal', 3, 3, '2019-07-06'),
(17462, 3, 325, 'LIB-Sal', 3, 3, '2019-07-06'),
(17463, 3, 326, 'LIB-Prp', 3, 3, '2019-07-06'),
(17464, 3, 327, 'LIB-Prp', 3, 3, '2019-07-06'),
(17465, 3, 328, 'LIB-Prp', 3, 3, '2019-07-06'),
(17466, 3, 329, 'LIB-Prp', 3, 3, '2019-07-06'),
(17467, 3, 330, 'OCC-Prp', 3, 3, '2019-07-06'),
(17468, 3, 331, 'LIB-Prp', 3, 3, '2019-07-06'),
(17469, 3, 332, 'LIB-Sal', 3, 3, '2019-07-06'),
(17470, 3, 200, 'LIB-Prp', 2, 1, '2019-07-06'),
(17471, 5, 417, 'LIB-Prp', 4, 5, '2019-07-06'),
(17472, 5, 418, 'OCC-Sal', 4, 5, '2019-07-06'),
(17473, 5, 419, 'OCC-Sal', 4, 5, '2019-07-06'),
(17474, 5, 420, 'OCC-Sal', 4, 5, '2019-07-06'),
(17475, 5, 421, 'OCC-Sal', 4, 5, '2019-07-06'),
(17476, 5, 422, 'OCC-Sal', 4, 5, '2019-07-06'),
(17477, 5, 423, 'LIB-Prp', 4, 5, '2019-07-06'),
(17478, 5, 424, 'LIB-Prp', 4, 5, '2019-07-06'),
(17479, 5, 425, 'LIB-Prp', 4, 5, '2019-07-06'),
(17480, 5, 426, 'LIB-Prp', 4, 5, '2019-07-06'),
(17481, 5, 427, 'LIB-Prp', 4, 5, '2019-07-06'),
(17482, 5, 428, 'LIB-Prp', 4, 5, '2019-07-06'),
(17483, 5, 429, 'LIB-Prp', 4, 5, '2019-07-06'),
(17484, 5, 430, 'LIB-Prp', 4, 5, '2019-07-06'),
(17485, 5, 431, 'LIB-Prp', 4, 5, '2019-07-06'),
(17486, 5, 432, 'LIB-Prp', 4, 5, '2019-07-06'),
(17541, 3, 320, 'OCC-Sal', 3, 3, '2019-07-07'),
(17542, 3, 321, 'LIB-Prp', 3, 3, '2019-07-07'),
(17543, 3, 322, 'LIB-Sal', 3, 3, '2019-07-07'),
(17544, 3, 323, 'LIB-Prp', 3, 3, '2019-07-07'),
(17545, 3, 324, 'LIB-Sal', 3, 3, '2019-07-07'),
(17546, 3, 325, 'LIB-Sal', 3, 3, '2019-07-07'),
(17547, 3, 326, 'LIB-Prp', 3, 3, '2019-07-07'),
(17548, 3, 327, 'LIB-Prp', 3, 3, '2019-07-07'),
(17549, 3, 328, 'LIB-Prp', 3, 3, '2019-07-07'),
(17550, 3, 329, 'LIB-Prp', 3, 3, '2019-07-07'),
(17551, 3, 330, 'OCC-Prp', 3, 3, '2019-07-07'),
(17552, 3, 331, 'LIB-Prp', 3, 3, '2019-07-07'),
(17553, 3, 332, 'LIB-Sal', 3, 3, '2019-07-07'),
(17554, 3, 301, 'LIB-Prp', 3, 2, '2019-07-07'),
(17555, 1, 200, 'LIB-Prp-ISSUE-Priority', 2, 1, '2019-07-07'),
(17556, 1, 201, 'LIB-Sal-Priority', 2, 1, '2019-07-07'),
(17557, 1, 202, 'LIB-Prp', 2, 1, '2019-07-07'),
(17558, 1, 203, 'LIB-Prp', 2, 1, '2019-07-07'),
(17559, 1, 204, 'LIB-Prp', 2, 1, '2019-07-07'),
(17560, 1, 205, 'LIB-Prp', 2, 1, '2019-07-07'),
(17561, 1, 206, 'OCC-Prp', 2, 1, '2019-07-07'),
(17562, 1, 207, 'OCC-Sal', 2, 1, '2019-07-07'),
(17563, 1, 208, 'LIB-Prp', 2, 1, '2019-07-07'),
(17564, 1, 209, 'OCC-Sal', 2, 1, '2019-07-07'),
(17565, 1, 210, 'OCC-Sal', 2, 1, '2019-07-07'),
(17566, 1, 211, 'OCC-Sal', 2, 1, '2019-07-07'),
(17567, 1, 212, 'LIB-Prp', 2, 1, '2019-07-07'),
(17568, 1, 213, 'OCC-Sal', 2, 1, '2019-07-07'),
(17569, 1, 214, 'LIB-Sal', 2, 1, '2019-07-07'),
(17570, 1, 215, 'LIB-Prp', 2, 1, '2019-07-07'),
(17571, 1, 216, 'OCC-Sal', 2, 1, '2019-07-07'),
(17572, 1, 217, 'LIB-Prp', 2, 1, '2019-07-07'),
(17573, 1, 218, 'LIB-Prp', 2, 1, '2019-07-07'),
(17574, 5, 417, 'LIB-Prp', 4, 5, '2019-07-07'),
(17575, 5, 418, 'OCC-Sal', 4, 5, '2019-07-07'),
(17576, 5, 419, 'OCC-Sal', 4, 5, '2019-07-07'),
(17577, 5, 420, 'OCC-Sal', 4, 5, '2019-07-07'),
(17578, 5, 421, 'OCC-Sal', 4, 5, '2019-07-07'),
(17579, 5, 422, 'OCC-Sal', 4, 5, '2019-07-07'),
(17580, 5, 423, 'LIB-Prp', 4, 5, '2019-07-07'),
(17581, 5, 424, 'LIB-Prp', 4, 5, '2019-07-07'),
(17582, 5, 425, 'LIB-Prp', 4, 5, '2019-07-07'),
(17583, 5, 426, 'LIB-Prp', 4, 5, '2019-07-07'),
(17584, 5, 427, 'LIB-Prp', 4, 5, '2019-07-07'),
(17585, 5, 428, 'LIB-Prp', 4, 5, '2019-07-07'),
(17586, 5, 429, 'LIB-Prp', 4, 5, '2019-07-07'),
(17587, 5, 430, 'LIB-Prp', 4, 5, '2019-07-07'),
(17588, 5, 431, 'LIB-Prp', 4, 5, '2019-07-07'),
(17589, 5, 432, 'LIB-Prp', 4, 5, '2019-07-07');

-- --------------------------------------------------------

--
-- Structure de la table `datacsv`
--

CREATE TABLE `datacsv` (
  `id` int(11) NOT NULL,
  `room_id` int(11) NOT NULL,
  `room_num` int(11) NOT NULL,
  `HXXType` varchar(250) NOT NULL,
  `ResidentOrGuest` varchar(250) NOT NULL,
  `Etat` varchar(250) NOT NULL,
  `Lign_date` datetime NOT NULL,
  `PassedNights` int(11) NOT NULL,
  `RemainingNights` int(11) NOT NULL,
  `StayStatus` varchar(250) NOT NULL,
  `RoomStatusAfterH12` varchar(250) NOT NULL,
  `Floor_Label` int(11) NOT NULL,
  `Floor_Id` int(11) NOT NULL,
  `LinkSP` int(11) NOT NULL,
  `secteur` int(11) NOT NULL,
  `Date_created` datetime NOT NULL
) ENGINE=InnoDB DEFAULT CHARSET=latin1;

--
-- Déchargement des données de la table `datacsv`
--

INSERT INTO `datacsv` (`id`, `room_id`, `room_num`, `HXXType`, `ResidentOrGuest`, `Etat`, `Lign_date`, `PassedNights`, `RemainingNights`, `StayStatus`, `RoomStatusAfterH12`, `Floor_Label`, `Floor_Id`, `LinkSP`, `secteur`, `Date_created`) VALUES
(504, 1000000007, 200, 'H00', '', 'LIB-Prp-ISSUE-Priority', '0000-00-00 00:00:00', 0, 0, '', 'Libre', 2, 1000000001, 0, 1, '2019-04-04 12:56:27'),
(505, 1000000005, 201, 'H00', 'PETIT MARC', 'LIB-Sal-Priority', '0000-00-00 00:00:00', 1, 3, 'Présent', 'Occupée', 2, 1000000001, 0, 1, '2019-04-04 12:56:27'),
(506, 1000000004, 202, 'H00', '', 'LIB-Prp', '0000-00-00 00:00:00', 0, 0, '', 'Libre', 2, 1000000001, 0, 1, '2019-04-04 12:56:27'),
(507, 1000000002, 203, 'H00', '', 'LIB-Prp', '0000-00-00 00:00:00', 0, 0, '', 'Libre', 2, 1000000001, 0, 1, '2019-04-04 12:56:27'),
(508, 1000000001, 204, 'H00', '', 'LIB-Prp', '0000-00-00 00:00:00', 0, 0, '', 'Libre', 2, 1000000001, 0, 1, '2019-04-04 12:56:27'),
(509, 1000000003, 205, 'H00', '', 'LIB-Prp', '0000-00-00 00:00:00', 0, 0, '', 'Libre', 2, 1000000001, 0, 1, '2019-04-04 12:56:27'),
(510, 1000000006, 206, 'H00', 'DONADILLE ARTHUR', 'OCC-Prp', '0000-00-00 00:00:00', 1, 2, 'Présent', 'Stand By', 2, 1000000001, 0, 1, '2019-04-04 12:56:27'),
(511, 1000000008, 207, 'H00', 'LOHEZ JONATHAN', 'OCC-Sal', '0000-00-00 00:00:00', 1, 3, 'Présent', 'Occupée', 2, 1000000001, 0, 1, '2019-04-04 12:56:27'),
(512, 1000000009, 208, 'H00', '', 'LIB-Prp', '0000-00-00 00:00:00', 0, 0, '', 'Libre', 2, 1000000001, 0, 1, '2019-04-04 12:56:27'),
(513, 1000000010, 209, 'H00', 'JURCZYK OLIVIER', 'OCC-Sal', '0000-00-00 00:00:00', 1, 3, 'Présent', 'Occupée', 2, 1000000001, 0, 1, '2019-04-04 12:56:27'),
(514, 1000000011, 210, 'H00', 'CALATRABA JEAN MARIE', 'OCC-Sal', '0000-00-00 00:00:00', 1, 1, 'Présent', 'Libre', 2, 1000000001, 0, 1, '2019-04-04 12:56:27'),
(515, 1000000012, 211, 'H00', 'ALAHIANE MHAMED', 'OCC-Sal', '0000-00-00 00:00:00', 1, 3, 'Présent', 'Stand By', 2, 1000000001, 0, 1, '2019-04-04 12:56:27'),
(516, 1000000013, 212, 'H00', '', 'LIB-Prp', '0000-00-00 00:00:00', 0, 0, '', 'Libre', 2, 1000000001, 0, 1, '2019-04-04 12:56:27'),
(517, 1000000014, 213, 'H00', 'KOROGHLI AHMED', 'OCC-Sal', '0000-00-00 00:00:00', 1, 3, 'Présent', 'Occupée', 2, 1000000001, 0, 1, '2019-04-04 12:56:27'),
(518, 1000000015, 214, 'H00', '', 'LIB-Sal', '0000-00-00 00:00:00', 0, 0, '', 'Libre', 2, 1000000001, 0, 1, '2019-04-04 12:56:27'),
(519, 1000000016, 215, 'H00', '', 'LIB-Prp', '0000-00-00 00:00:00', 0, 0, '', 'Libre', 2, 1000000001, 0, 1, '2019-04-04 12:56:27'),
(520, 1000000017, 216, 'H00', 'LEVENEUR  BEATRICE', 'OCC-Sal', '0000-00-00 00:00:00', 1, 3, 'Présent', 'Stand By', 2, 1000000001, 0, 1, '2019-04-04 12:56:27'),
(521, 1000000018, 217, 'H00', '', 'LIB-Prp', '0000-00-00 00:00:00', 0, 0, '', 'Libre', 2, 1000000001, 0, 1, '2019-04-04 12:56:27'),
(522, 1000000019, 218, 'H00', '', 'LIB-Prp', '0000-00-00 00:00:00', 0, 0, '', 'Libre', 2, 1000000001, 0, 1, '2019-04-04 12:56:27'),
(523, 1000000024, 301, 'H00', '', 'LIB-Prp', '0000-00-00 00:00:00', 0, 0, '', 'Libre', 3, 1000000002, 0, 2, '2019-04-04 12:56:27'),
(524, 1000000023, 302, 'H00', '', 'LIB-Sal', '0000-00-00 00:00:00', 0, 0, '', 'Libre', 3, 1000000002, 0, 2, '2019-04-04 12:56:27'),
(525, 1000000021, 303, 'H00', 'WUILLEMIN ROLF (responsable jolie #)', 'OCC-Sal', '0000-00-00 00:00:00', 1, 1, 'Présent', 'Libre', 3, 1000000002, 0, 2, '2019-04-04 12:56:27'),
(526, 1000000020, 304, 'H00', '', 'LIB-Prp', '0000-00-00 00:00:00', 0, 0, '', 'Libre', 3, 1000000002, 0, 2, '2019-04-04 12:56:27'),
(527, 1000000022, 305, 'H00', '', 'LIB-Prp', '0000-00-00 00:00:00', 0, 0, '', 'Libre', 3, 1000000002, 0, 2, '2019-04-04 12:56:27'),
(528, 1000000026, 306, 'H00', 'DEREGNAUCOURT GREGORY', 'OCC-Sal', '0000-00-00 00:00:00', 1, 3, 'Présent', 'Occupée', 3, 1000000002, 0, 2, '2019-04-04 12:56:27'),
(529, 1000000028, 307, 'H00', '', 'HS-Sal', '0000-00-00 00:00:00', 0, 0, '', 'Libre', 3, 1000000002, 0, 2, '2019-04-04 12:56:27'),
(530, 1000000030, 308, 'H00', 'LANG MARCEL', 'OCC-Sal', '0000-00-00 00:00:00', 1, 1, 'Présent', 'Libre', 3, 1000000002, 0, 2, '2019-04-04 12:56:27'),
(531, 1000000032, 309, 'H00', '', 'LIB-Prp', '0000-00-00 00:00:00', 0, 0, '', 'Libre', 3, 1000000002, 0, 2, '2019-04-04 12:56:27'),
(532, 1000000034, 310, 'H00', '', 'HS-Sal', '0000-00-00 00:00:00', 0, 0, '', 'Libre', 3, 1000000002, 0, 2, '2019-04-04 12:56:27'),
(533, 1000000036, 311, 'H00', '', 'HS-Sal', '0000-00-00 00:00:00', 0, 0, '', 'Libre', 3, 1000000002, 0, 2, '2019-04-04 12:56:27'),
(534, 1000000038, 312, 'H00', '', 'LIB-Sal', '0000-00-00 00:00:00', 0, 0, '', 'Libre', 3, 1000000002, 0, 2, '2019-04-04 12:56:27'),
(535, 1000000040, 313, 'H00', 'CORVISY CEDRIC', 'OCC-Sal', '0000-00-00 00:00:00', 1, 1, 'Présent', 'Libre', 3, 1000000002, 0, 2, '2019-04-04 12:56:27'),
(536, 1000000042, 314, 'H00', 'KIRSCHER DAVID', 'OCC-Sal', '0000-00-00 00:00:00', 1, 3, 'Présent', 'Stand By', 3, 1000000002, 0, 2, '2019-04-04 12:56:27'),
(537, 1000000044, 315, 'H00', '', 'HS-Sal', '0000-00-00 00:00:00', 0, 0, '', 'Hors Service', 3, 1000000002, 0, 2, '2019-04-04 12:56:27'),
(538, 1000000046, 316, 'H00', 'IRLÈS STÉPHANE', 'OCC-Sal', '0000-00-00 00:00:00', 1, 3, 'Présent', 'Stand By', 3, 1000000002, 0, 2, '2019-04-04 12:56:27'),
(539, 1000000048, 317, 'H00', 'PAIROT JOSE', 'OCC-Prp', '0000-00-00 00:00:00', 1, 1, 'Présent', 'Libre', 3, 1000000002, 0, 3, '2019-04-04 12:56:27'),
(540, 1000000050, 318, 'H00', '', 'HS-Sal', '0000-00-00 00:00:00', 0, 0, '', 'Libre', 3, 1000000002, 0, 3, '2019-04-04 12:56:27'),
(541, 1000000051, 319, 'H00', 'POIRIER JEAN LUC', 'OCC-Sal', '0000-00-00 00:00:00', 3, 1, 'Présent', 'Libre', 3, 1000000002, 0, 3, '2019-04-04 12:56:27'),
(542, 1000000049, 320, 'H00', 'DI PIETRO GIUSEPPE', 'OCC-Sal', '0000-00-00 00:00:00', 1, 3, 'Présent', 'Occupée', 3, 1000000002, 0, 3, '2019-04-04 12:56:27'),
(543, 1000000047, 321, 'H00', '', 'LIB-Prp', '0000-00-00 00:00:00', 0, 0, '', 'Libre', 3, 1000000002, 0, 3, '2019-04-04 12:56:27'),
(544, 1000000045, 322, 'H00', '', 'LIB-Sal', '0000-00-00 00:00:00', 0, 0, '', 'Libre', 3, 1000000002, 0, 3, '2019-04-04 12:56:27'),
(545, 1000000043, 323, 'H00', '', 'LIB-Prp', '0000-00-00 00:00:00', 0, 0, '', 'Libre', 3, 1000000002, 0, 3, '2019-04-04 12:56:27'),
(546, 1000000041, 324, 'H00', '', 'LIB-Sal', '0000-00-00 00:00:00', 0, 0, '', 'Libre', 3, 1000000002, 0, 3, '2019-04-04 12:56:27'),
(547, 1000000039, 325, 'H00', '', 'LIB-Sal', '0000-00-00 00:00:00', 0, 0, '', 'Libre', 3, 1000000002, 0, 3, '2019-04-04 12:56:27'),
(548, 1000000037, 326, 'H00', '', 'LIB-Prp', '0000-00-00 00:00:00', 0, 0, '', 'Libre', 3, 1000000002, 0, 3, '2019-04-04 12:56:27'),
(549, 1000000035, 327, 'H00', '', 'LIB-Prp', '0000-00-00 00:00:00', 0, 0, '', 'Libre', 3, 1000000002, 0, 3, '2019-04-04 12:56:27'),
(550, 1000000033, 328, 'H00', '', 'LIB-Prp', '0000-00-00 00:00:00', 0, 0, '', 'Libre', 3, 1000000002, 0, 3, '2019-04-04 12:56:27'),
(551, 1000000031, 329, 'H00', '', 'LIB-Prp', '0000-00-00 00:00:00', 0, 0, '', 'Libre', 3, 1000000002, 0, 3, '2019-04-04 12:56:27'),
(552, 1000000029, 330, 'H00', 'ISABAL DIMITRI', 'OCC-Prp', '0000-00-00 00:00:00', 1, 1, 'Présent', 'Libre', 3, 1000000002, 0, 3, '2019-04-04 12:56:27'),
(553, 1000000027, 331, 'H00', '', 'LIB-Prp', '0000-00-00 00:00:00', 0, 0, '', 'Libre', 3, 1000000002, 0, 3, '2019-04-04 12:56:27'),
(554, 1000000025, 332, 'H00', '', 'LIB-Sal', '0000-00-00 00:00:00', 0, 0, '', 'Libre', 3, 1000000002, 0, 3, '2019-04-04 12:56:27'),
(555, 1000000056, 401, 'H00', 'KRAUS MICHAEL', 'OCC-Sal', '0000-00-00 00:00:00', 1, 1, 'Présent', 'Libre', 4, 1000000003, 0, 4, '2019-04-04 12:56:27'),
(556, 1000000055, 402, 'H00', '', 'LIB-Sal', '0000-00-00 00:00:00', 0, 0, '', 'Libre', 4, 1000000003, 0, 4, '2019-04-04 12:56:27'),
(557, 1000000053, 403, 'H00', '', 'LIB-Sal', '0000-00-00 00:00:00', 0, 0, '', 'Libre', 4, 1000000003, 0, 4, '2019-04-04 12:56:27'),
(558, 1000000052, 404, 'H00', 'PAULICKE FRANCK', 'OCC-Sal', '0000-00-00 00:00:00', 1, 1, 'Présent', 'Libre', 4, 1000000003, 0, 4, '2019-04-04 12:56:27'),
(559, 1000000054, 405, 'H00', '', 'LIB-Prp', '0000-00-00 00:00:00', 0, 0, '', 'Libre', 4, 1000000003, 0, 4, '2019-04-04 12:56:27'),
(560, 1000000058, 406, 'H00', 'PICAS CLAUDE', 'OCC-Sal', '0000-00-00 00:00:00', 1, 1, 'Présent', 'Libre', 4, 1000000003, 0, 4, '2019-04-04 12:56:27'),
(561, 1000000060, 407, 'H00', '', 'LIB-Sal', '0000-00-00 00:00:00', 0, 0, '', 'Libre', 4, 1000000003, 0, 4, '2019-04-04 12:56:27'),
(562, 1000000062, 408, 'H00', '', 'LIB-Sal', '0000-00-00 00:00:00', 0, 0, '', 'Libre', 4, 1000000003, 0, 4, '2019-04-04 12:56:27'),
(563, 1000000064, 409, 'H00', '', 'LIB-Prp', '0000-00-00 00:00:00', 0, 0, '', 'Libre', 4, 1000000003, 0, 4, '2019-04-04 12:56:27'),
(564, 1000000066, 410, 'H00', '', 'LIB-Prp', '0000-00-00 00:00:00', 0, 0, '', 'Libre', 4, 1000000003, 0, 4, '2019-04-04 12:56:27'),
(565, 1000000068, 411, 'H00', '', 'LIB-Prp', '0000-00-00 00:00:00', 0, 0, '', 'Libre', 4, 1000000003, 0, 4, '2019-04-04 12:56:27'),
(566, 1000000070, 412, 'H00', '', 'LIB-Prp', '0000-00-00 00:00:00', 0, 0, '', 'Libre', 4, 1000000003, 0, 4, '2019-04-04 12:56:27'),
(567, 1000000072, 413, 'H00', '', 'HS-Sal', '0000-00-00 00:00:00', 0, 0, '', 'Libre', 4, 1000000003, 0, 4, '2019-04-04 12:56:27'),
(568, 1000000074, 414, 'H00', '', 'LIB-Prp', '0000-00-00 00:00:00', 0, 0, '', 'Libre', 4, 1000000003, 0, 4, '2019-04-04 12:56:27'),
(569, 1000000076, 415, 'H00', '', 'LIB-Prp', '0000-00-00 00:00:00', 0, 0, '', 'Libre', 4, 1000000003, 0, 4, '2019-04-04 12:56:27'),
(570, 1000000078, 416, 'H00', 'RAUSCHER FRANK', 'OCC-Sal', '0000-00-00 00:00:00', 1, 1, 'Présent', 'Libre', 4, 1000000003, 0, 4, '2019-04-04 12:56:27'),
(571, 1000000080, 417, 'H00', '', 'LIB-Prp', '0000-00-00 00:00:00', 0, 0, '', 'Libre', 4, 1000000003, 0, 5, '2019-04-04 12:56:27'),
(572, 1000000082, 418, 'H00', 'SCHILLING DOMINIQUE', 'OCC-Sal', '0000-00-00 00:00:00', 1, 1, 'Présent', 'Libre', 4, 1000000003, 0, 5, '2019-04-04 12:56:27'),
(573, 1000000083, 419, 'H00', 'DENISE RYSER MARIE', 'OCC-Sal', '0000-00-00 00:00:00', 1, 4, 'Présent', 'Stand By', 4, 1000000003, 0, 5, '2019-04-04 12:56:27'),
(574, 1000000081, 420, 'H00', 'BLUM RICHARD', 'OCC-Sal', '0000-00-00 00:00:00', 1, 1, 'Présent', 'Libre', 4, 1000000003, 0, 5, '2019-04-04 12:56:27'),
(575, 1000000079, 421, 'H00', 'PRPIC BORIS', 'OCC-Sal', '0000-00-00 00:00:00', 1, 1, 'Présent', 'Libre', 4, 1000000003, 0, 5, '2019-04-04 12:56:27'),
(576, 1000000077, 422, 'H00', 'STOJADINOVIC SASA', 'OCC-Sal', '0000-00-00 00:00:00', 1, 1, 'Présent', 'Libre', 4, 1000000003, 0, 5, '2019-04-04 12:56:27'),
(577, 1000000075, 423, 'H00', '', 'LIB-Prp', '0000-00-00 00:00:00', 0, 0, '', 'Libre', 4, 1000000003, 0, 5, '2019-04-04 12:56:27'),
(578, 1000000073, 424, 'H00', '', 'LIB-Prp', '0000-00-00 00:00:00', 0, 0, '', 'Libre', 4, 1000000003, 0, 5, '2019-04-04 12:56:27'),
(579, 1000000071, 425, 'H00', '', 'LIB-Prp', '0000-00-00 00:00:00', 0, 0, '', 'Libre', 4, 1000000003, 0, 5, '2019-04-04 12:56:27'),
(580, 1000000069, 426, 'H00', '', 'LIB-Prp', '0000-00-00 00:00:00', 0, 0, '', 'Libre', 4, 1000000003, 0, 5, '2019-04-04 12:56:27'),
(581, 1000000067, 427, 'H00', '', 'LIB-Prp', '0000-00-00 00:00:00', 0, 0, '', 'Libre', 4, 1000000003, 0, 5, '2019-04-04 12:56:27'),
(582, 1000000065, 428, 'H00', '', 'LIB-Prp', '0000-00-00 00:00:00', 0, 0, '', 'Libre', 4, 1000000003, 0, 5, '2019-04-04 12:56:27'),
(583, 1000000063, 429, 'H00', '', 'LIB-Prp', '0000-00-00 00:00:00', 0, 0, '', 'Libre', 4, 1000000003, 0, 5, '2019-04-04 12:56:27'),
(584, 1000000061, 430, 'H00', '', 'LIB-Prp', '0000-00-00 00:00:00', 0, 0, '', 'Libre', 4, 1000000003, 0, 5, '2019-04-04 12:56:27'),
(585, 1000000059, 431, 'H00', '', 'LIB-Prp', '0000-00-00 00:00:00', 0, 0, '', 'Libre', 4, 1000000003, 0, 5, '2019-04-04 12:56:27'),
(586, 1000000057, 432, 'H00', '', 'LIB-Prp', '0000-00-00 00:00:00', 0, 0, '', 'Libre', 4, 1000000003, 0, 5, '2019-04-04 12:56:27');

-- --------------------------------------------------------

--
-- Structure de la table `femmedemenage`
--

CREATE TABLE `femmedemenage` (
  `id` int(11) NOT NULL,
  `code` varchar(55) NOT NULL,
  `nom` varchar(250) NOT NULL,
  `prenom` varchar(250) NOT NULL,
  `presence` tinyint(1) NOT NULL,
  `secteur` int(11) DEFAULT NULL,
  `etage` int(11) NOT NULL,
  `is_active` tinyint(1) NOT NULL
) ENGINE=InnoDB DEFAULT CHARSET=latin1;

--
-- Déchargement des données de la table `femmedemenage`
--

INSERT INTO `femmedemenage` (`id`, `code`, `nom`, `prenom`, `presence`, `secteur`, `etage`, `is_active`) VALUES
(1, '1234', 'FATIMEEE', 'prenom1', 0, 1, 2, 1),
(2, '2345', 'KALTOUMA', 'prenom 222', 0, 2, 3, 1),
(3, '123456', 'CHARLENE', 'prenom 3', 0, 3, 3, 1),
(4, '2222', 'AISSATOU', 'prenom 4', 0, 3, 3, 1),
(5, '3333', 'HAWAOU', 'prenom 5', 0, 5, 4, 1),
(6, '4444', 'CAMILLE', 'prenom 6', 0, 4, 4, 1),
(7, '4444', 'laura', 'test', 0, 4, 4, 1),
(8, '4445', 'aa', 'aaa', 0, 4, 0, 0),
(9, '2121', 'Souad', 'souad', 0, 2, 3, 0),
(10, '3333', 'valet', 'Patrice', 0, 3, 3, 0);

-- --------------------------------------------------------

--
-- Structure de la table `secteur`
--

CREATE TABLE `secteur` (
  `id_secteur` int(11) NOT NULL,
  `libelle_secteur` int(11) NOT NULL,
  `floor` int(11) NOT NULL,
  `room_num` int(11) NOT NULL
) ENGINE=InnoDB DEFAULT CHARSET=latin1;

--
-- Déchargement des données de la table `secteur`
--

INSERT INTO `secteur` (`id_secteur`, `libelle_secteur`, `floor`, `room_num`) VALUES
(1, 1, 2, 200),
(2, 1, 2, 201),
(3, 1, 2, 202),
(4, 1, 2, 203),
(5, 1, 2, 204),
(6, 1, 2, 205),
(7, 1, 2, 206),
(8, 1, 2, 207),
(9, 1, 2, 208),
(10, 1, 2, 209),
(11, 1, 2, 210),
(12, 1, 2, 211),
(13, 1, 2, 212),
(14, 1, 2, 213),
(15, 1, 2, 214),
(16, 1, 2, 215),
(17, 1, 2, 216),
(18, 1, 2, 217),
(19, 1, 2, 218),
(22, 2, 3, 301),
(23, 2, 3, 302),
(24, 2, 3, 303),
(25, 2, 3, 304),
(26, 2, 3, 305),
(27, 2, 3, 306),
(28, 2, 3, 307),
(29, 2, 3, 308),
(30, 2, 3, 309),
(31, 2, 3, 310),
(32, 2, 3, 311),
(33, 2, 3, 312),
(34, 2, 3, 313),
(35, 2, 3, 314),
(36, 2, 3, 315),
(37, 2, 3, 316),
(38, 3, 3, 317),
(39, 3, 3, 318),
(40, 3, 3, 319),
(41, 3, 3, 320),
(42, 3, 3, 321),
(43, 3, 3, 322),
(44, 3, 3, 323),
(45, 3, 3, 324),
(46, 3, 3, 325),
(47, 3, 3, 326),
(48, 3, 3, 327),
(49, 3, 3, 328),
(50, 3, 3, 329),
(51, 3, 3, 330),
(52, 3, 3, 331),
(53, 3, 3, 332),
(54, 4, 4, 401),
(55, 4, 4, 402),
(56, 4, 4, 403),
(57, 4, 4, 404),
(58, 4, 4, 405),
(59, 4, 4, 406),
(60, 4, 4, 407),
(61, 4, 4, 408),
(62, 4, 4, 409),
(63, 4, 4, 410),
(64, 4, 4, 411),
(65, 4, 4, 412),
(66, 4, 4, 413),
(67, 4, 4, 414),
(68, 4, 4, 415),
(69, 4, 4, 416),
(70, 5, 4, 417),
(71, 5, 4, 418),
(72, 5, 4, 419),
(73, 5, 4, 420),
(74, 5, 4, 421),
(75, 5, 4, 422),
(76, 5, 4, 423),
(77, 5, 4, 424),
(78, 5, 4, 425),
(79, 5, 4, 426),
(80, 5, 4, 427),
(81, 5, 4, 428),
(82, 5, 4, 429),
(83, 5, 4, 430),
(84, 5, 4, 431),
(85, 5, 4, 432);

-- --------------------------------------------------------

--
-- Structure de la table `uploaded_files`
--

CREATE TABLE `uploaded_files` (
  `id` int(11) NOT NULL,
  `image_name` varchar(250) NOT NULL,
  `id_FDC` int(11) NOT NULL
) ENGINE=InnoDB DEFAULT CHARSET=latin1;

-- --------------------------------------------------------

--
-- Structure de la table `utilisateur`
--

CREATE TABLE `utilisateur` (
  `UTI_ID` int(11) NOT NULL,
  `Uti_uuid` varchar(100) DEFAULT NULL,
  `Uti_nom_utilisateur` varchar(55) NOT NULL,
  `Uti_mot_de_passe` varchar(50) NOT NULL,
  `Uti_nom` varchar(50) NOT NULL,
  `Uti_prenom` varchar(50) NOT NULL,
  `Uti_sexe` char(1) NOT NULL,
  `Uti_telephone` varchar(20) DEFAULT NULL,
  `Uti_isGouvernante` tinyint(1) NOT NULL,
  `Uti_isReception` tinyint(1) NOT NULL,
  `Uti_isFemmeChambre` tinyint(1) NOT NULL
) ENGINE=InnoDB DEFAULT CHARSET=utf8;

--
-- Déchargement des données de la table `utilisateur`
--

INSERT INTO `utilisateur` (`UTI_ID`, `Uti_uuid`, `Uti_nom_utilisateur`, `Uti_mot_de_passe`, `Uti_nom`, `Uti_prenom`, `Uti_sexe`, `Uti_telephone`, `Uti_isGouvernante`, `Uti_isReception`, `Uti_isFemmeChambre`) VALUES
(1, NULL, 'annesottas', '12345', 'Sottas', 'Anne-Marie', 'F', '+410761234567', 1, 0, 0),
(2, NULL, 'trump', '1234', 'trump', 'melanie', 'F', '+410761234567', 0, 0, 1),
(3, NULL, 'trump', '123456', 'trump', 'melanie', 'F', '+410761234567', 0, 0, 1);

--
-- Index pour les tables déchargées
--

--
-- Index pour la table `chambresaffectees`
--
ALTER TABLE `chambresaffectees`
  ADD PRIMARY KEY (`id`);

--
-- Index pour la table `datacsv`
--
ALTER TABLE `datacsv`
  ADD PRIMARY KEY (`id`);

--
-- Index pour la table `femmedemenage`
--
ALTER TABLE `femmedemenage`
  ADD PRIMARY KEY (`id`);

--
-- Index pour la table `secteur`
--
ALTER TABLE `secteur`
  ADD PRIMARY KEY (`id_secteur`);

--
-- Index pour la table `uploaded_files`
--
ALTER TABLE `uploaded_files`
  ADD PRIMARY KEY (`id`);

--
-- Index pour la table `utilisateur`
--
ALTER TABLE `utilisateur`
  ADD PRIMARY KEY (`UTI_ID`);

--
-- AUTO_INCREMENT pour les tables déchargées
--

--
-- AUTO_INCREMENT pour la table `chambresaffectees`
--
ALTER TABLE `chambresaffectees`
  MODIFY `id` int(11) NOT NULL AUTO_INCREMENT, AUTO_INCREMENT=17590;

--
-- AUTO_INCREMENT pour la table `datacsv`
--
ALTER TABLE `datacsv`
  MODIFY `id` int(11) NOT NULL AUTO_INCREMENT, AUTO_INCREMENT=587;

--
-- AUTO_INCREMENT pour la table `femmedemenage`
--
ALTER TABLE `femmedemenage`
  MODIFY `id` int(11) NOT NULL AUTO_INCREMENT, AUTO_INCREMENT=11;

--
-- AUTO_INCREMENT pour la table `secteur`
--
ALTER TABLE `secteur`
  MODIFY `id_secteur` int(11) NOT NULL AUTO_INCREMENT, AUTO_INCREMENT=86;

--
-- AUTO_INCREMENT pour la table `uploaded_files`
--
ALTER TABLE `uploaded_files`
  MODIFY `id` int(11) NOT NULL AUTO_INCREMENT;

--
-- AUTO_INCREMENT pour la table `utilisateur`
--
ALTER TABLE `utilisateur`
  MODIFY `UTI_ID` int(11) NOT NULL AUTO_INCREMENT, AUTO_INCREMENT=4;
COMMIT;

/*!40101 SET CHARACTER_SET_CLIENT=@OLD_CHARACTER_SET_CLIENT */;
/*!40101 SET CHARACTER_SET_RESULTS=@OLD_CHARACTER_SET_RESULTS */;
/*!40101 SET COLLATION_CONNECTION=@OLD_COLLATION_CONNECTION */;
