-- phpMyAdmin SQL Dump
-- version 4.7.4
-- https://www.phpmyadmin.net/
--
-- Hôte : 127.0.0.1:3306
-- Généré le :  Dim 14 juil. 2019 à 23:15
-- Version du serveur :  5.7.19
-- Version de PHP :  5.6.31

SET SQL_MODE = "NO_AUTO_VALUE_ON_ZERO";
SET AUTOCOMMIT = 0;
START TRANSACTION;
SET time_zone = "+00:00";


/*!40101 SET @OLD_CHARACTER_SET_CLIENT=@@CHARACTER_SET_CLIENT */;
/*!40101 SET @OLD_CHARACTER_SET_RESULTS=@@CHARACTER_SET_RESULTS */;
/*!40101 SET @OLD_COLLATION_CONNECTION=@@COLLATION_CONNECTION */;
/*!40101 SET NAMES utf8mb4 */;

--
-- Base de données :  `menage`
--

-- --------------------------------------------------------

--
-- Structure de la table `chambresaffectees`
--

DROP TABLE IF EXISTS `chambresaffectees`;
CREATE TABLE IF NOT EXISTS `chambresaffectees` (
  `id` int(11) NOT NULL AUTO_INCREMENT,
  `id_FM` int(11) NOT NULL,
  `room_num` int(11) NOT NULL,
  `etat` varchar(250) NOT NULL,
  `etage` int(11) NOT NULL,
  `secteur` int(11) NOT NULL,
  `date_created` date NOT NULL,
  `is_litBebe` tinyint(4) NOT NULL DEFAULT '0',
  `is_porteOuverte` tinyint(4) NOT NULL DEFAULT '0',
  `is_porteFermee` tinyint(4) NOT NULL DEFAULT '0',
  `is_canapeOuvert` tinyint(4) NOT NULL DEFAULT '0',
  `is_canapeFerme` tinyint(4) NOT NULL DEFAULT '0',
  `is_litItalienne` tinyint(4) NOT NULL DEFAULT '0',
  `is_cadeauChocolat` tinyint(4) NOT NULL DEFAULT '0',
  `is_cadeauChampagne` tinyint(4) NOT NULL DEFAULT '0',
  `is_cadeauFleur` tinyint(4) NOT NULL DEFAULT '0',
  PRIMARY KEY (`id`)
) ENGINE=InnoDB AUTO_INCREMENT=13731 DEFAULT CHARSET=latin1;

--
-- Déchargement des données de la table `chambresaffectees`
--

INSERT INTO `chambresaffectees` (`id`, `id_FM`, `room_num`, `etat`, `etage`, `secteur`, `date_created`, `is_litBebe`, `is_porteOuverte`, `is_porteFermee`, `is_canapeOuvert`, `is_canapeFerme`, `is_litItalienne`, `is_cadeauChocolat`, `is_cadeauChampagne`, `is_cadeauFleur`) VALUES
(13680, 1, 200, 'LIB-Prp-Priority', 2, 1, '2019-07-14', 0, 0, 0, 1, 1, 0, 1, 1, 1),
(13681, 1, 201, 'LIB-Prp-Priority', 2, 1, '2019-07-14', 1, 0, 1, 1, 0, 0, 0, 0, 0),
(13682, 1, 202, 'LIB-Prp-Checked', 2, 1, '2019-07-14', 1, 0, 0, 0, 0, 0, 0, 0, 0),
(13683, 1, 203, 'LIB-Prp-Checked', 2, 1, '2019-07-14', 0, 0, 0, 0, 0, 0, 0, 0, 0),
(13684, 1, 204, 'LIB-Prp-Priority', 2, 1, '2019-07-14', 0, 0, 0, 0, 0, 0, 0, 0, 0),
(13685, 1, 205, 'LIB-Prp-Priority', 2, 1, '2019-07-14', 0, 0, 0, 0, 0, 0, 0, 0, 0),
(13686, 1, 206, 'OCC-Sal-Priority', 2, 1, '2019-07-14', 0, 0, 0, 0, 0, 0, 0, 0, 0),
(13687, 1, 207, 'OCC-Sal-Priority', 2, 1, '2019-07-14', 0, 0, 0, 0, 0, 0, 0, 0, 0),
(13688, 1, 208, 'LIB-Prp-ISSUE-Priority', 2, 1, '2019-07-14', 0, 0, 0, 0, 0, 0, 0, 0, 0),
(13689, 1, 209, 'OCC-Sal', 2, 1, '2019-07-14', 0, 0, 0, 0, 0, 0, 0, 0, 0),
(13690, 1, 210, 'OCC-Prp-ISSUE', 2, 1, '2019-07-14', 0, 0, 0, 0, 0, 0, 0, 0, 0),
(13691, 1, 211, 'OCC-Sal-Priority', 2, 1, '2019-07-14', 0, 0, 0, 0, 0, 0, 0, 0, 0),
(13692, 1, 212, 'LIB-Prp', 2, 1, '2019-07-14', 0, 0, 0, 0, 0, 0, 0, 0, 0),
(13693, 1, 213, 'OCC-Sal-Priority', 2, 1, '2019-07-14', 0, 0, 0, 0, 0, 0, 0, 0, 0),
(13694, 1, 214, 'HS-Sal-Checked', 2, 1, '2019-07-14', 0, 0, 0, 0, 0, 0, 0, 0, 0),
(13695, 1, 215, 'LIB-Prp', 2, 1, '2019-07-14', 0, 0, 0, 0, 0, 0, 0, 0, 0),
(13696, 1, 216, 'HS-Sal-Priority', 2, 1, '2019-07-14', 0, 0, 0, 0, 0, 0, 0, 0, 0),
(13697, 1, 217, 'LIB-Prp', 2, 1, '2019-07-14', 0, 0, 0, 0, 0, 0, 0, 0, 0),
(13698, 1, 218, 'LIB-Sal', 2, 1, '2019-07-14', 0, 0, 0, 0, 0, 1, 0, 0, 0),
(13699, 2, 301, 'HS-Sal', 3, 2, '2019-07-14', 1, 0, 0, 0, 0, 0, 0, 0, 0),
(13700, 2, 302, 'LIB-Sal-Priority', 3, 2, '2019-07-14', 0, 0, 0, 0, 0, 0, 0, 0, 0),
(13701, 2, 303, 'OCC-Sal', 3, 2, '2019-07-14', 0, 0, 0, 0, 0, 0, 0, 0, 0),
(13702, 2, 304, 'LIB-Prp', 3, 2, '2019-07-14', 0, 0, 0, 0, 0, 0, 0, 0, 0),
(13703, 2, 305, 'LIB-Prp', 3, 2, '2019-07-14', 0, 0, 0, 0, 0, 0, 0, 0, 0),
(13704, 2, 306, 'OCC-Sal', 3, 2, '2019-07-14', 0, 0, 0, 0, 0, 0, 0, 0, 0),
(13705, 2, 307, 'HS-Sal', 3, 2, '2019-07-14', 0, 0, 0, 0, 0, 0, 0, 0, 0),
(13706, 2, 308, 'OCC-Sal', 3, 2, '2019-07-14', 0, 0, 0, 0, 0, 0, 0, 0, 0),
(13707, 2, 309, 'LIB-Prp', 3, 2, '2019-07-14', 0, 0, 0, 0, 0, 0, 0, 0, 0),
(13708, 2, 310, 'LIB-Prp', 3, 2, '2019-07-14', 0, 0, 0, 0, 0, 0, 0, 0, 0),
(13709, 2, 311, 'LIB-Prp', 3, 2, '2019-07-14', 0, 0, 0, 0, 0, 0, 0, 0, 0),
(13710, 2, 312, 'LIB-Sal', 3, 2, '2019-07-14', 0, 0, 0, 0, 0, 0, 0, 0, 0),
(13711, 2, 313, 'OCC-Sal', 3, 2, '2019-07-14', 0, 0, 0, 0, 0, 0, 0, 0, 0),
(13712, 2, 314, 'OCC-Sal', 3, 2, '2019-07-14', 0, 0, 0, 0, 0, 0, 0, 0, 0),
(13713, 2, 315, 'HS-Sal', 3, 2, '2019-07-14', 0, 0, 0, 0, 0, 0, 0, 0, 0),
(13714, 2, 316, 'OCC-Sal', 3, 2, '2019-07-14', 0, 0, 0, 0, 0, 0, 0, 0, 0),
(13715, 3, 317, 'OCC-Sal-Priority', 3, 3, '2019-07-14', 0, 0, 0, 0, 0, 0, 0, 0, 0),
(13716, 3, 318, 'HS-Sal', 3, 3, '2019-07-14', 0, 0, 0, 0, 0, 0, 0, 0, 0),
(13717, 3, 319, 'OCC-Sal', 3, 3, '2019-07-14', 0, 0, 0, 0, 0, 0, 0, 0, 0),
(13718, 3, 320, 'OCC-Sal', 3, 3, '2019-07-14', 0, 0, 0, 0, 0, 0, 0, 0, 0),
(13719, 3, 321, 'LIB-Sal', 3, 3, '2019-07-14', 0, 0, 0, 0, 0, 0, 0, 0, 0),
(13720, 3, 322, 'LIB-Sal', 3, 3, '2019-07-14', 0, 0, 0, 0, 0, 0, 0, 0, 0),
(13721, 3, 323, 'LIB-Prp-Priority', 3, 3, '2019-07-14', 0, 0, 0, 0, 0, 0, 0, 0, 0),
(13722, 3, 324, 'LIB-Prp', 3, 3, '2019-07-14', 0, 0, 0, 0, 0, 0, 0, 0, 0),
(13723, 3, 325, 'LIB-Sal-ISSUE', 3, 3, '2019-07-14', 0, 0, 0, 0, 0, 0, 0, 0, 0),
(13724, 3, 326, 'LIB-Prp', 3, 3, '2019-07-14', 0, 0, 0, 0, 0, 0, 0, 0, 0),
(13725, 3, 327, 'LIB-Prp', 3, 3, '2019-07-14', 0, 0, 0, 0, 0, 0, 0, 0, 0),
(13726, 3, 328, 'LIB-Prp', 3, 3, '2019-07-14', 0, 0, 0, 0, 0, 0, 0, 0, 0),
(13727, 3, 329, 'LIB-Prp', 3, 3, '2019-07-14', 0, 0, 0, 0, 0, 0, 0, 0, 0),
(13728, 3, 330, 'OCC-Prp', 3, 3, '2019-07-14', 0, 0, 0, 0, 0, 0, 0, 0, 0),
(13729, 3, 331, 'LIB-Prp', 3, 3, '2019-07-14', 0, 0, 0, 0, 0, 0, 0, 0, 0),
(13730, 3, 332, 'LIB-Prp-Priority-Checked', 3, 3, '2019-07-14', 0, 0, 0, 0, 0, 0, 0, 0, 0);

-- --------------------------------------------------------

--
-- Structure de la table `datacsv`
--

DROP TABLE IF EXISTS `datacsv`;
CREATE TABLE IF NOT EXISTS `datacsv` (
  `id` int(11) NOT NULL AUTO_INCREMENT,
  `room_id` int(11) NOT NULL,
  `room_num` int(11) NOT NULL,
  `HXXType` varchar(250) NOT NULL,
  `ResidentOrGuest` varchar(250) NOT NULL,
  `Etat` varchar(250) NOT NULL,
  `Lign_date` datetime NOT NULL,
  `PassedNights` int(11) NOT NULL,
  `RemainingNights` int(11) NOT NULL,
  `StayStatus` varchar(250) NOT NULL,
  `RoomStatusAfterH12` varchar(250) NOT NULL,
  `Floor_Label` int(11) NOT NULL,
  `Floor_Id` int(11) NOT NULL,
  `LinkSP` int(11) NOT NULL,
  `secteur` int(11) NOT NULL,
  `Date_created` datetime NOT NULL,
  `is_litBebe` tinyint(4) NOT NULL DEFAULT '0',
  `is_porteOuverte` tinyint(4) NOT NULL DEFAULT '0',
  `is_porteFermee` tinyint(4) NOT NULL DEFAULT '0',
  `is_canapeOuvert` tinyint(4) NOT NULL DEFAULT '0',
  `is_canapeFerme` tinyint(4) NOT NULL DEFAULT '0',
  `is_litItalienne` tinyint(4) NOT NULL DEFAULT '0',
  `is_cadeauChocolat` tinyint(4) NOT NULL DEFAULT '0',
  `is_cadeauChampagne` tinyint(4) NOT NULL DEFAULT '0',
  `is_cadeauFleur` tinyint(4) NOT NULL DEFAULT '0',
  PRIMARY KEY (`id`)
) ENGINE=InnoDB AUTO_INCREMENT=587 DEFAULT CHARSET=latin1;

--
-- Déchargement des données de la table `datacsv`
--

INSERT INTO `datacsv` (`id`, `room_id`, `room_num`, `HXXType`, `ResidentOrGuest`, `Etat`, `Lign_date`, `PassedNights`, `RemainingNights`, `StayStatus`, `RoomStatusAfterH12`, `Floor_Label`, `Floor_Id`, `LinkSP`, `secteur`, `Date_created`, `is_litBebe`, `is_porteOuverte`, `is_porteFermee`, `is_canapeOuvert`, `is_canapeFerme`, `is_litItalienne`, `is_cadeauChocolat`, `is_cadeauChampagne`, `is_cadeauFleur`) VALUES
(504, 1000000007, 200, 'H00', '', 'LIB-Prp-Priority', '0000-00-00 00:00:00', 0, 0, '', 'Libre', 2, 1000000001, 0, 1, '2019-04-04 12:56:27', 0, 0, 0, 1, 1, 0, 1, 1, 1),
(505, 1000000005, 201, 'H00', 'PETIT MARC', 'LIB-Prp-Priority', '0000-00-00 00:00:00', 1, 3, 'Présent', 'Occupée', 2, 1000000001, 0, 1, '2019-04-04 12:56:27', 1, 0, 1, 1, 0, 0, 0, 0, 0),
(506, 1000000004, 202, 'H00', '', 'LIB-Prp-Checked', '0000-00-00 00:00:00', 0, 0, '', 'Libre', 2, 1000000001, 0, 1, '2019-04-04 12:56:27', 1, 0, 0, 0, 0, 0, 0, 0, 0),
(507, 1000000002, 203, 'H00', '', 'LIB-Prp-Checked', '0000-00-00 00:00:00', 0, 0, '', 'Libre', 2, 1000000001, 0, 1, '2019-04-04 12:56:27', 0, 0, 0, 0, 0, 0, 0, 0, 0),
(508, 1000000001, 204, 'H00', '', 'LIB-Prp-Priority', '0000-00-00 00:00:00', 0, 0, '', 'Libre', 2, 1000000001, 0, 1, '2019-04-04 12:56:27', 0, 0, 0, 0, 0, 0, 0, 0, 0),
(509, 1000000003, 205, 'H00', '', 'LIB-Prp-Priority', '0000-00-00 00:00:00', 0, 0, '', 'Libre', 2, 1000000001, 0, 1, '2019-04-04 12:56:27', 0, 0, 0, 0, 0, 0, 0, 0, 0),
(510, 1000000006, 206, 'H00', 'DONADILLE ARTHUR', 'OCC-Sal-Priority', '0000-00-00 00:00:00', 1, 2, 'Présent', 'Stand By', 2, 1000000001, 0, 1, '2019-04-04 12:56:27', 0, 0, 0, 0, 0, 0, 0, 0, 0),
(511, 1000000008, 207, 'H00', 'LOHEZ JONATHAN', 'OCC-Sal-Priority', '0000-00-00 00:00:00', 1, 3, 'Présent', 'Occupée', 2, 1000000001, 0, 1, '2019-04-04 12:56:27', 0, 0, 0, 0, 0, 0, 0, 0, 0),
(512, 1000000009, 208, 'H00', '', 'LIB-Prp-ISSUE-Priority', '0000-00-00 00:00:00', 0, 0, '', 'Libre', 2, 1000000001, 0, 1, '2019-04-04 12:56:27', 0, 0, 0, 0, 0, 0, 0, 0, 0),
(513, 1000000010, 209, 'H00', 'JURCZYK OLIVIER', 'OCC-Sal', '0000-00-00 00:00:00', 1, 3, 'Présent', 'Occupée', 2, 1000000001, 0, 1, '2019-04-04 12:56:27', 0, 0, 0, 0, 0, 0, 0, 0, 0),
(514, 1000000011, 210, 'H00', 'CALATRABA JEAN MARIE', 'OCC-Prp-ISSUE', '0000-00-00 00:00:00', 1, 1, 'Présent', 'Libre', 2, 1000000001, 0, 1, '2019-04-04 12:56:27', 0, 0, 0, 0, 0, 0, 0, 0, 0),
(515, 1000000012, 211, 'H00', 'ALAHIANE MHAMED', 'OCC-Sal-Priority', '0000-00-00 00:00:00', 1, 3, 'Présent', 'Stand By', 2, 1000000001, 0, 1, '2019-04-04 12:56:27', 0, 0, 0, 0, 0, 0, 0, 0, 0),
(516, 1000000013, 212, 'H00', '', 'LIB-Prp', '0000-00-00 00:00:00', 0, 0, '', 'Libre', 2, 1000000001, 0, 1, '2019-04-04 12:56:27', 0, 0, 0, 0, 0, 0, 0, 0, 0),
(517, 1000000014, 213, 'H00', 'KOROGHLI AHMED', 'OCC-Sal-Priority', '0000-00-00 00:00:00', 1, 3, 'Présent', 'Occupée', 2, 1000000001, 0, 1, '2019-04-04 12:56:27', 0, 0, 0, 0, 0, 0, 0, 0, 0),
(518, 1000000015, 214, 'H00', '', 'HS-Sal-Checked', '0000-00-00 00:00:00', 0, 0, '', 'Libre', 2, 1000000001, 0, 1, '2019-04-04 12:56:27', 0, 0, 0, 0, 0, 0, 0, 0, 0),
(519, 1000000016, 215, 'H00', '', 'LIB-Prp', '0000-00-00 00:00:00', 0, 0, '', 'Libre', 2, 1000000001, 0, 1, '2019-04-04 12:56:27', 0, 0, 0, 0, 0, 0, 0, 0, 0),
(520, 1000000017, 216, 'H00', 'LEVENEUR  BEATRICE', 'HS-Sal-Priority', '0000-00-00 00:00:00', 1, 3, 'Présent', 'Stand By', 2, 1000000001, 0, 1, '2019-04-04 12:56:27', 0, 0, 0, 0, 0, 0, 0, 0, 0),
(521, 1000000018, 217, 'H00', '', 'LIB-Prp', '0000-00-00 00:00:00', 0, 0, '', 'Libre', 2, 1000000001, 0, 1, '2019-04-04 12:56:27', 0, 0, 0, 0, 0, 0, 0, 0, 0),
(522, 1000000019, 218, 'H00', '', 'LIB-Sal', '0000-00-00 00:00:00', 0, 0, '', 'Libre', 2, 1000000001, 0, 1, '2019-04-04 12:56:27', 0, 0, 0, 0, 0, 1, 0, 0, 0),
(523, 1000000024, 301, 'H00', '', 'HS-Sal', '0000-00-00 00:00:00', 0, 0, '', 'Libre', 3, 1000000002, 0, 2, '2019-04-04 12:56:27', 1, 0, 0, 0, 0, 0, 0, 0, 0),
(524, 1000000023, 302, 'H00', '', 'LIB-Sal-Priority', '0000-00-00 00:00:00', 0, 0, '', 'Libre', 3, 1000000002, 0, 2, '2019-04-04 12:56:27', 0, 0, 0, 0, 0, 0, 0, 0, 0),
(525, 1000000021, 303, 'H00', 'WUILLEMIN ROLF (responsable jolie #)', 'OCC-Sal', '0000-00-00 00:00:00', 1, 1, 'Présent', 'Libre', 3, 1000000002, 0, 2, '2019-04-04 12:56:27', 0, 0, 0, 0, 0, 0, 0, 0, 0),
(526, 1000000020, 304, 'H00', '', 'LIB-Prp', '0000-00-00 00:00:00', 0, 0, '', 'Libre', 3, 1000000002, 0, 2, '2019-04-04 12:56:27', 0, 0, 0, 0, 0, 0, 0, 0, 0),
(527, 1000000022, 305, 'H00', '', 'LIB-Prp', '0000-00-00 00:00:00', 0, 0, '', 'Libre', 3, 1000000002, 0, 2, '2019-04-04 12:56:27', 0, 0, 0, 0, 0, 0, 0, 0, 0),
(528, 1000000026, 306, 'H00', 'DEREGNAUCOURT GREGORY', 'OCC-Sal', '0000-00-00 00:00:00', 1, 3, 'Présent', 'Occupée', 3, 1000000002, 0, 2, '2019-04-04 12:56:27', 0, 0, 0, 0, 0, 0, 0, 0, 0),
(529, 1000000028, 307, 'H00', '', 'HS-Sal', '0000-00-00 00:00:00', 0, 0, '', 'Libre', 3, 1000000002, 0, 2, '2019-04-04 12:56:27', 0, 0, 0, 0, 0, 0, 0, 0, 0),
(530, 1000000030, 308, 'H00', 'LANG MARCEL', 'OCC-Sal', '0000-00-00 00:00:00', 1, 1, 'Présent', 'Libre', 3, 1000000002, 0, 2, '2019-04-04 12:56:27', 0, 0, 0, 0, 0, 0, 0, 0, 0),
(531, 1000000032, 309, 'H00', '', 'LIB-Prp', '0000-00-00 00:00:00', 0, 0, '', 'Libre', 3, 1000000002, 0, 2, '2019-04-04 12:56:27', 0, 0, 0, 0, 0, 0, 0, 0, 0),
(532, 1000000034, 310, 'H00', '', 'LIB-Prp', '0000-00-00 00:00:00', 0, 0, '', 'Libre', 3, 1000000002, 0, 2, '2019-04-04 12:56:27', 0, 0, 0, 0, 0, 0, 0, 0, 0),
(533, 1000000036, 311, 'H00', '', 'LIB-Prp', '0000-00-00 00:00:00', 0, 0, '', 'Libre', 3, 1000000002, 0, 2, '2019-04-04 12:56:27', 0, 0, 0, 0, 0, 0, 0, 0, 0),
(534, 1000000038, 312, 'H00', '', 'LIB-Sal', '0000-00-00 00:00:00', 0, 0, '', 'Libre', 3, 1000000002, 0, 2, '2019-04-04 12:56:27', 0, 0, 0, 0, 0, 0, 0, 0, 0),
(535, 1000000040, 313, 'H00', 'CORVISY CEDRIC', 'OCC-Sal', '0000-00-00 00:00:00', 1, 1, 'Présent', 'Libre', 3, 1000000002, 0, 2, '2019-04-04 12:56:27', 0, 0, 0, 0, 0, 0, 0, 0, 0),
(536, 1000000042, 314, 'H00', 'KIRSCHER DAVID', 'OCC-Sal', '0000-00-00 00:00:00', 1, 3, 'Présent', 'Stand By', 3, 1000000002, 0, 2, '2019-04-04 12:56:27', 0, 0, 0, 0, 0, 0, 0, 0, 0),
(537, 1000000044, 315, 'H00', '', 'HS-Sal', '0000-00-00 00:00:00', 0, 0, '', 'Hors Service', 3, 1000000002, 0, 2, '2019-04-04 12:56:27', 0, 0, 0, 0, 0, 0, 0, 0, 0),
(538, 1000000046, 316, 'H00', 'IRLÈS STÉPHANE', 'OCC-Sal', '0000-00-00 00:00:00', 1, 3, 'Présent', 'Stand By', 3, 1000000002, 0, 2, '2019-04-04 12:56:27', 0, 0, 0, 0, 0, 0, 0, 0, 0),
(539, 1000000048, 317, 'H00', 'PAIROT JOSE', 'OCC-Sal-Priority', '0000-00-00 00:00:00', 1, 1, 'Présent', 'Libre', 3, 1000000002, 0, 3, '2019-04-04 12:56:27', 0, 0, 0, 0, 0, 0, 0, 0, 0),
(540, 1000000050, 318, 'H00', '', 'HS-Sal', '0000-00-00 00:00:00', 0, 0, '', 'Libre', 3, 1000000002, 0, 3, '2019-04-04 12:56:27', 0, 0, 0, 0, 0, 0, 0, 0, 0),
(541, 1000000051, 319, 'H00', 'POIRIER JEAN LUC', 'OCC-Sal', '0000-00-00 00:00:00', 3, 1, 'Présent', 'Libre', 3, 1000000002, 0, 3, '2019-04-04 12:56:27', 0, 0, 0, 0, 0, 0, 0, 0, 0),
(542, 1000000049, 320, 'H00', 'DI PIETRO GIUSEPPE', 'OCC-Sal', '0000-00-00 00:00:00', 1, 3, 'Présent', 'Occupée', 3, 1000000002, 0, 3, '2019-04-04 12:56:27', 0, 0, 0, 0, 0, 0, 0, 0, 0),
(543, 1000000047, 321, 'H00', '', 'LIB-Sal', '0000-00-00 00:00:00', 0, 0, '', 'Libre', 3, 1000000002, 0, 3, '2019-04-04 12:56:27', 0, 0, 0, 0, 0, 0, 0, 0, 0),
(544, 1000000045, 322, 'H00', '', 'LIB-Sal', '0000-00-00 00:00:00', 0, 0, '', 'Libre', 3, 1000000002, 0, 3, '2019-04-04 12:56:27', 0, 0, 0, 0, 0, 0, 0, 0, 0),
(545, 1000000043, 323, 'H00', '', 'LIB-Prp-Priority', '0000-00-00 00:00:00', 0, 0, '', 'Libre', 3, 1000000002, 0, 3, '2019-04-04 12:56:27', 0, 0, 0, 0, 0, 0, 0, 0, 0),
(546, 1000000041, 324, 'H00', '', 'LIB-Prp', '0000-00-00 00:00:00', 0, 0, '', 'Libre', 3, 1000000002, 0, 3, '2019-04-04 12:56:27', 0, 0, 0, 0, 0, 0, 0, 0, 0),
(547, 1000000039, 325, 'H00', '', 'LIB-Sal-ISSUE', '0000-00-00 00:00:00', 0, 0, '', 'Libre', 3, 1000000002, 0, 3, '2019-04-04 12:56:27', 0, 0, 0, 0, 0, 0, 0, 0, 0),
(548, 1000000037, 326, 'H00', '', 'LIB-Prp', '0000-00-00 00:00:00', 0, 0, '', 'Libre', 3, 1000000002, 0, 3, '2019-04-04 12:56:27', 0, 0, 0, 0, 0, 0, 0, 0, 0),
(549, 1000000035, 327, 'H00', '', 'LIB-Prp', '0000-00-00 00:00:00', 0, 0, '', 'Libre', 3, 1000000002, 0, 3, '2019-04-04 12:56:27', 0, 0, 0, 0, 0, 0, 0, 0, 0),
(550, 1000000033, 328, 'H00', '', 'LIB-Prp', '0000-00-00 00:00:00', 0, 0, '', 'Libre', 3, 1000000002, 0, 3, '2019-04-04 12:56:27', 0, 0, 0, 0, 0, 0, 0, 0, 0),
(551, 1000000031, 329, 'H00', '', 'LIB-Prp', '0000-00-00 00:00:00', 0, 0, '', 'Libre', 3, 1000000002, 0, 3, '2019-04-04 12:56:27', 0, 0, 0, 0, 0, 0, 0, 0, 0),
(552, 1000000029, 330, 'H00', 'ISABAL DIMITRI', 'OCC-Prp', '0000-00-00 00:00:00', 1, 1, 'Présent', 'Libre', 3, 1000000002, 0, 3, '2019-04-04 12:56:27', 0, 0, 0, 0, 0, 0, 0, 0, 0),
(553, 1000000027, 331, 'H00', '', 'LIB-Prp', '0000-00-00 00:00:00', 0, 0, '', 'Libre', 3, 1000000002, 0, 3, '2019-04-04 12:56:27', 0, 0, 0, 0, 0, 0, 0, 0, 0),
(554, 1000000025, 332, 'H00', '', 'LIB-Prp-Priority-Checked', '0000-00-00 00:00:00', 0, 0, '', 'Libre', 3, 1000000002, 0, 3, '2019-04-04 12:56:27', 0, 0, 0, 0, 0, 0, 0, 0, 0),
(555, 1000000056, 401, 'H00', 'KRAUS MICHAEL', 'OCC-Sal', '0000-00-00 00:00:00', 1, 1, 'Présent', 'Libre', 4, 1000000003, 0, 4, '2019-04-04 12:56:27', 0, 0, 0, 0, 0, 0, 0, 0, 0),
(556, 1000000055, 402, 'H00', '', 'LIB-Sal', '0000-00-00 00:00:00', 0, 0, '', 'Libre', 4, 1000000003, 0, 4, '2019-04-04 12:56:27', 0, 0, 0, 0, 0, 0, 0, 0, 0),
(557, 1000000053, 403, 'H00', '', 'LIB-Sal', '0000-00-00 00:00:00', 0, 0, '', 'Libre', 4, 1000000003, 0, 4, '2019-04-04 12:56:27', 0, 0, 0, 0, 0, 0, 0, 0, 0),
(558, 1000000052, 404, 'H00', 'PAULICKE FRANCK', 'OCC-Sal', '0000-00-00 00:00:00', 1, 1, 'Présent', 'Libre', 4, 1000000003, 0, 4, '2019-04-04 12:56:27', 0, 0, 0, 0, 0, 0, 0, 0, 0),
(559, 1000000054, 405, 'H00', '', 'LIB-Prp-ISSUE', '0000-00-00 00:00:00', 0, 0, '', 'Libre', 4, 1000000003, 0, 4, '2019-04-04 12:56:27', 0, 0, 0, 0, 0, 0, 0, 0, 0),
(560, 1000000058, 406, 'H00', 'PICAS CLAUDE', 'OCC-Sal', '0000-00-00 00:00:00', 1, 1, 'Présent', 'Libre', 4, 1000000003, 0, 4, '2019-04-04 12:56:27', 0, 0, 0, 0, 0, 0, 0, 0, 0),
(561, 1000000060, 407, 'H00', '', 'LIB-Sal-Priority', '0000-00-00 00:00:00', 0, 0, '', 'Libre', 4, 1000000003, 0, 4, '2019-04-04 12:56:27', 0, 0, 0, 0, 0, 0, 0, 0, 0),
(562, 1000000062, 408, 'H00', '', 'LIB-Sal', '0000-00-00 00:00:00', 0, 0, '', 'Libre', 4, 1000000003, 0, 4, '2019-04-04 12:56:27', 0, 0, 0, 0, 0, 0, 0, 0, 0),
(563, 1000000064, 409, 'H00', '', 'LIB-Prp', '0000-00-00 00:00:00', 0, 0, '', 'Libre', 4, 1000000003, 0, 4, '2019-04-04 12:56:27', 0, 0, 0, 0, 0, 0, 0, 0, 0),
(564, 1000000066, 410, 'H00', '', 'LIB-Prp', '0000-00-00 00:00:00', 0, 0, '', 'Libre', 4, 1000000003, 0, 4, '2019-04-04 12:56:27', 0, 0, 0, 0, 0, 0, 0, 0, 0),
(565, 1000000068, 411, 'H00', '', 'LIB-Prp-Priority', '0000-00-00 00:00:00', 0, 0, '', 'Libre', 4, 1000000003, 0, 4, '2019-04-04 12:56:27', 0, 0, 0, 0, 0, 0, 0, 0, 0),
(566, 1000000070, 412, 'H00', '', 'LIB-Prp', '0000-00-00 00:00:00', 0, 0, '', 'Libre', 4, 1000000003, 0, 4, '2019-04-04 12:56:27', 0, 0, 0, 0, 0, 0, 0, 0, 0),
(567, 1000000072, 413, 'H00', '', 'HS-Sal', '0000-00-00 00:00:00', 0, 0, '', 'Libre', 4, 1000000003, 0, 4, '2019-04-04 12:56:27', 0, 0, 0, 0, 0, 0, 0, 0, 0),
(568, 1000000074, 414, 'H00', '', 'LIB-Prp', '0000-00-00 00:00:00', 0, 0, '', 'Libre', 4, 1000000003, 0, 4, '2019-04-04 12:56:27', 0, 0, 0, 0, 0, 0, 0, 0, 0),
(569, 1000000076, 415, 'H00', '', 'LIB-Prp', '0000-00-00 00:00:00', 0, 0, '', 'Libre', 4, 1000000003, 0, 4, '2019-04-04 12:56:27', 0, 0, 0, 0, 0, 0, 0, 0, 0),
(570, 1000000078, 416, 'H00', 'RAUSCHER FRANK', 'OCC-Sal', '0000-00-00 00:00:00', 1, 1, 'Présent', 'Libre', 4, 1000000003, 0, 4, '2019-04-04 12:56:27', 0, 0, 0, 0, 0, 0, 0, 0, 0),
(571, 1000000080, 417, 'H00', '', 'LIB-Prp', '0000-00-00 00:00:00', 0, 0, '', 'Libre', 4, 1000000003, 0, 5, '2019-04-04 12:56:27', 0, 0, 0, 0, 0, 0, 0, 0, 0),
(572, 1000000082, 418, 'H00', 'SCHILLING DOMINIQUE', 'OCC-Sal-Priority', '0000-00-00 00:00:00', 1, 1, 'Présent', 'Libre', 4, 1000000003, 0, 5, '2019-04-04 12:56:27', 0, 0, 0, 0, 0, 0, 0, 0, 0),
(573, 1000000083, 419, 'H00', 'DENISE RYSER MARIE', 'OCC-Sal', '0000-00-00 00:00:00', 1, 4, 'Présent', 'Stand By', 4, 1000000003, 0, 5, '2019-04-04 12:56:27', 0, 0, 0, 0, 0, 0, 0, 0, 0),
(574, 1000000081, 420, 'H00', 'BLUM RICHARD', 'OCC-Sal', '0000-00-00 00:00:00', 1, 1, 'Présent', 'Libre', 4, 1000000003, 0, 5, '2019-04-04 12:56:27', 0, 0, 0, 0, 0, 0, 0, 0, 0),
(575, 1000000079, 421, 'H00', 'PRPIC BORIS', 'OCC-Sal', '0000-00-00 00:00:00', 1, 1, 'Présent', 'Libre', 4, 1000000003, 0, 5, '2019-04-04 12:56:27', 0, 0, 0, 0, 0, 0, 0, 0, 0),
(576, 1000000077, 422, 'H00', 'STOJADINOVIC SASA', 'OCC-Sal-ISSUE', '0000-00-00 00:00:00', 1, 1, 'Présent', 'Libre', 4, 1000000003, 0, 5, '2019-04-04 12:56:27', 0, 0, 0, 0, 0, 0, 0, 0, 0),
(577, 1000000075, 423, 'H00', '', 'LIB-Prp', '0000-00-00 00:00:00', 0, 0, '', 'Libre', 4, 1000000003, 0, 5, '2019-04-04 12:56:27', 0, 0, 0, 0, 0, 0, 0, 0, 0),
(578, 1000000073, 424, 'H00', '', 'LIB-Prp', '0000-00-00 00:00:00', 0, 0, '', 'Libre', 4, 1000000003, 0, 5, '2019-04-04 12:56:27', 0, 0, 0, 0, 0, 0, 0, 0, 0),
(579, 1000000071, 425, 'H00', '', 'LIB-Prp', '0000-00-00 00:00:00', 0, 0, '', 'Libre', 4, 1000000003, 0, 5, '2019-04-04 12:56:27', 0, 0, 0, 0, 0, 0, 0, 0, 0),
(580, 1000000069, 426, 'H00', '', 'ISSUE', '0000-00-00 00:00:00', 0, 0, '', 'Libre', 4, 1000000003, 0, 5, '2019-04-04 12:56:27', 0, 0, 0, 0, 0, 0, 0, 0, 0),
(581, 1000000067, 427, 'H00', '', 'HS-Sal-Priority', '0000-00-00 00:00:00', 0, 0, '', 'Libre', 4, 1000000003, 0, 5, '2019-04-04 12:56:27', 0, 0, 0, 0, 0, 0, 0, 0, 0),
(582, 1000000065, 428, 'H00', '', 'LIB-Prp', '0000-00-00 00:00:00', 0, 0, '', 'Libre', 4, 1000000003, 0, 5, '2019-04-04 12:56:27', 0, 0, 0, 0, 0, 0, 0, 0, 0),
(583, 1000000063, 429, 'H00', '', 'LIB-Prp', '0000-00-00 00:00:00', 0, 0, '', 'Libre', 4, 1000000003, 0, 5, '2019-04-04 12:56:27', 0, 0, 0, 0, 0, 0, 0, 0, 0),
(584, 1000000061, 430, 'H00', '', 'LIB-Prp', '0000-00-00 00:00:00', 0, 0, '', 'Libre', 4, 1000000003, 0, 5, '2019-04-04 12:56:27', 0, 0, 0, 0, 0, 0, 0, 0, 0),
(585, 1000000059, 431, 'H00', '', 'LIB-Prp', '0000-00-00 00:00:00', 0, 0, '', 'Libre', 4, 1000000003, 0, 5, '2019-04-04 12:56:27', 0, 0, 0, 0, 0, 0, 0, 0, 0),
(586, 1000000057, 432, 'H00', '', 'LIB-Prp', '0000-00-00 00:00:00', 0, 0, '', 'Libre', 4, 1000000003, 0, 5, '2019-04-04 12:56:27', 0, 0, 0, 0, 0, 0, 0, 0, 0);

-- --------------------------------------------------------

--
-- Structure de la table `femmedemenage`
--

DROP TABLE IF EXISTS `femmedemenage`;
CREATE TABLE IF NOT EXISTS `femmedemenage` (
  `id` int(11) NOT NULL,
  `code` varchar(55) NOT NULL,
  `nom` varchar(250) NOT NULL,
  `prenom` varchar(250) NOT NULL,
  `presence` tinyint(1) NOT NULL,
  `secteur` int(11) DEFAULT NULL,
  `etage` int(11) NOT NULL,
  `is_active` tinyint(1) NOT NULL
) ENGINE=InnoDB DEFAULT CHARSET=latin1;

--
-- Déchargement des données de la table `femmedemenage`
--

INSERT INTO `femmedemenage` (`id`, `code`, `nom`, `prenom`, `presence`, `secteur`, `etage`, `is_active`) VALUES
(1, '1234', 'FATIMEEE', 'prenom1', 0, 1, 2, 1),
(2, '2345', 'KALTOUMA', 'prenom 222', 0, 2, 3, 1),
(3, '123456', 'CHARLENE', 'prenom 3', 0, 3, 3, 1),
(4, '2222', 'AISSATOU', 'prenom 4', 0, 3, 3, 1),
(5, '3333', 'HAWAOU', 'prenom 5', 0, 5, 4, 1),
(6, '4444', 'CAMILLE', 'prenom 6', 0, 4, 4, 1),
(7, '4444', 'laura', 'test', 0, 4, 4, 1),
(8, '4445', 'aa', 'aaa', 0, 4, 0, 0),
(9, '2121', 'Souad', 'souad', 0, 2, 3, 0),
(10, '3333', 'valet', 'Patrice', 0, 3, 3, 0);

-- --------------------------------------------------------

--
-- Structure de la table `secteur`
--

DROP TABLE IF EXISTS `secteur`;
CREATE TABLE IF NOT EXISTS `secteur` (
  `id_secteur` int(11) NOT NULL,
  `libelle_secteur` int(11) NOT NULL,
  `floor` int(11) NOT NULL,
  `room_num` int(11) NOT NULL
) ENGINE=InnoDB DEFAULT CHARSET=latin1;

--
-- Déchargement des données de la table `secteur`
--

INSERT INTO `secteur` (`id_secteur`, `libelle_secteur`, `floor`, `room_num`) VALUES
(1, 1, 2, 200),
(2, 1, 2, 201),
(3, 1, 2, 202),
(4, 1, 2, 203),
(5, 1, 2, 204),
(6, 1, 2, 205),
(7, 1, 2, 206),
(8, 1, 2, 207),
(9, 1, 2, 208),
(10, 1, 2, 209),
(11, 1, 2, 210),
(12, 1, 2, 211),
(13, 1, 2, 212),
(14, 1, 2, 213),
(15, 1, 2, 214),
(16, 1, 2, 215),
(17, 1, 2, 216),
(18, 1, 2, 217),
(19, 1, 2, 218),
(22, 2, 3, 301),
(23, 2, 3, 302),
(24, 2, 3, 303),
(25, 2, 3, 304),
(26, 2, 3, 305),
(27, 2, 3, 306),
(28, 2, 3, 307),
(29, 2, 3, 308),
(30, 2, 3, 309),
(31, 2, 3, 310),
(32, 2, 3, 311),
(33, 2, 3, 312),
(34, 2, 3, 313),
(35, 2, 3, 314),
(36, 2, 3, 315),
(37, 2, 3, 316),
(38, 3, 3, 317),
(39, 3, 3, 318),
(40, 3, 3, 319),
(41, 3, 3, 320),
(42, 3, 3, 321),
(43, 3, 3, 322),
(44, 3, 3, 323),
(45, 3, 3, 324),
(46, 3, 3, 325),
(47, 3, 3, 326),
(48, 3, 3, 327),
(49, 3, 3, 328),
(50, 3, 3, 329),
(51, 3, 3, 330),
(52, 3, 3, 331),
(53, 3, 3, 332),
(54, 4, 4, 401),
(55, 4, 4, 402),
(56, 4, 4, 403),
(57, 4, 4, 404),
(58, 4, 4, 405),
(59, 4, 4, 406),
(60, 4, 4, 407),
(61, 4, 4, 408),
(62, 4, 4, 409),
(63, 4, 4, 410),
(64, 4, 4, 411),
(65, 4, 4, 412),
(66, 4, 4, 413),
(67, 4, 4, 414),
(68, 4, 4, 415),
(69, 4, 4, 416),
(70, 5, 4, 417),
(71, 5, 4, 418),
(72, 5, 4, 419),
(73, 5, 4, 420),
(74, 5, 4, 421),
(75, 5, 4, 422),
(76, 5, 4, 423),
(77, 5, 4, 424),
(78, 5, 4, 425),
(79, 5, 4, 426),
(80, 5, 4, 427),
(81, 5, 4, 428),
(82, 5, 4, 429),
(83, 5, 4, 430),
(84, 5, 4, 431),
(85, 5, 4, 432);

-- --------------------------------------------------------

--
-- Structure de la table `uploaded_files`
--

DROP TABLE IF EXISTS `uploaded_files`;
CREATE TABLE IF NOT EXISTS `uploaded_files` (
  `id` int(11) NOT NULL AUTO_INCREMENT,
  `image_name` varchar(250) NOT NULL,
  `id_FDC` int(11) NOT NULL,
  PRIMARY KEY (`id`)
) ENGINE=InnoDB DEFAULT CHARSET=latin1;

-- --------------------------------------------------------

--
-- Structure de la table `utilisateur`
--

DROP TABLE IF EXISTS `utilisateur`;
CREATE TABLE IF NOT EXISTS `utilisateur` (
  `UTI_ID` int(11) NOT NULL,
  `Uti_uuid` varchar(100) DEFAULT NULL,
  `Uti_nom_utilisateur` varchar(55) NOT NULL,
  `Uti_mot_de_passe` varchar(50) NOT NULL,
  `Uti_nom` varchar(50) NOT NULL,
  `Uti_prenom` varchar(50) NOT NULL,
  `Uti_sexe` char(1) NOT NULL,
  `Uti_telephone` varchar(20) DEFAULT NULL,
  `Uti_isGouvernante` tinyint(1) NOT NULL,
  `Uti_isReception` tinyint(1) NOT NULL,
  `Uti_isFemmeChambre` tinyint(1) NOT NULL
) ENGINE=InnoDB DEFAULT CHARSET=utf8;

--
-- Déchargement des données de la table `utilisateur`
--

INSERT INTO `utilisateur` (`UTI_ID`, `Uti_uuid`, `Uti_nom_utilisateur`, `Uti_mot_de_passe`, `Uti_nom`, `Uti_prenom`, `Uti_sexe`, `Uti_telephone`, `Uti_isGouvernante`, `Uti_isReception`, `Uti_isFemmeChambre`) VALUES
(1, NULL, 'annesottas', '12345', 'Sottas', 'Anne-Marie', 'F', '+410761234567', 1, 0, 0),
(2, NULL, 'trump', '1234', 'trump', 'melanie', 'F', '+410761234567', 0, 0, 1),
(3, NULL, 'trump', '123456', 'trump', 'melanie', 'F', '+410761234567', 0, 0, 1);
COMMIT;

/*!40101 SET CHARACTER_SET_CLIENT=@OLD_CHARACTER_SET_CLIENT */;
/*!40101 SET CHARACTER_SET_RESULTS=@OLD_CHARACTER_SET_RESULTS */;
/*!40101 SET COLLATION_CONNECTION=@OLD_COLLATION_CONNECTION */;
